,HDI rank 2020,Country,HDI 2019 ,Life expectancy at birth 2019,Expected years of schooling 2019,Mean years of schooling 2019,Gross national income (GNI) per capita 2019,GNI per capita rank minus HDI rank 2019,HDI rank 2018,label,Refugees by country of origin 1000s 2019,Internally displaced persons 1000s,Homeless people due to natural disaster avergae per million,Orphaned children 1000s 2019,Prison population per 100k 2013-18,Homicide rate per 100k 2013-18,Suicides per 100K Female 2016,Suicides per 100K Male 2016,"HIV prevalence, adult % 15-49",Healthy life expectancy at birth,Current health expenditure % GDP,Exports and imports % GDP,"Foreign direct investment, net inflows  % GDP",Net migration rate per 1000,Lost health expectancy %,Physicians per 100k,Hospital beds,"PupilÂ–teacher ratio, primary school",Country_code,1990,1991,1992,1993,1994,1995,1996,1997,1998,1999,2000,2001,2002,2003,2004,2005,2006,2007,2008,2009,2010,2011,2012,2013,2014,2015,2016,2017,2018,2019,1990.1,1991.1,1992.1,1993.1,1994.1,1995.1,1996.1,1997.1,1998.1,1999.1,2000.1,2001.1,2002.1,2003.1,2004.1,2005.1,2006.1,2007.1,2008.1,2009.1,2010.1,2011.1,2012.1,2013.1,2014.1,2015.1,2016.1,2017.1,2018.1,2019.1
0,1.0,Norway,0.96,82.4,18.07,12.9,66494.25,7.0,1.0,1.0,0.01,..,..,..,79.80,0.47,6.50,13.60,0.10,70.84,10.45,72.15,0.44,5.27,14.56,29.16,35.30,8.59,NOR,0.8490000000000001,0.8540000000000001,0.861,0.8690000000000001,0.883,0.8809999999999999,0.887,0.893,0.904,0.909,0.915,0.914,0.917,0.9229999999999999,0.932,0.9309999999999999,0.934,0.9359999999999999,0.937,0.937,0.94,0.9420000000000001,0.941,0.9440000000000001,0.9440000000000001,0.9470000000000001,0.95,0.9540000000000001,0.956,0.9570000000000001,1,1,1,1,1,1,1,1,1,1,1,1,1,1,1,1,1,1,1,1,1,1,1,1,1,1,1,1,1,1
1,2.0,Ireland,0.96,82.31,18.71,12.67,68370.59,4.0,3.0,1.0,0.00,..,..,34.00,82.20,0.87,4.20,17.60,0.20,70.35,7.18,239.22,-20.39,4.92,14.22,33.13,29.70,16.06,IRL,0.773,0.777,0.782,0.7909999999999999,0.7979999999999999,0.805,0.8109999999999999,0.8190000000000001,0.851,0.8590000000000001,0.867,0.873,0.8809999999999999,0.889,0.898,0.904,0.9059999999999999,0.909,0.9109999999999999,0.9059999999999999,0.9009999999999999,0.902,0.9079999999999999,0.917,0.9279999999999999,0.935,0.943,0.9470000000000001,0.951,0.955,2,2,2,2,2,1,1,1,1,1,1,1,1,1,1,1,1,1,1,1,1,1,1,1,1,1,1,1,1,1
2,2.0,Switzerland,0.96,83.78,16.33,13.38,69393.52,3.0,2.0,1.0,0.01,..,..,..,77.40,0.59,6.90,15.80,..,72.02,12.35,119.44,-2.61,6.14,14.24,42.96,46.30,9.93,CHE,0.84,0.8420000000000001,0.845,0.8490000000000001,0.852,0.856,0.863,0.872,0.882,0.889,0.898,0.9,0.899,0.905,0.909,0.914,0.92,0.9229999999999999,0.925,0.935,0.941,0.941,0.9440000000000001,0.946,0.9420000000000001,0.9470000000000001,0.9470000000000001,0.9490000000000001,0.955,0.955,1,1,1,1,1,1,1,1,1,1,1,1,1,1,1,1,1,1,1,1,1,1,1,1,1,1,1,1,1,1
3,4.0,"Hong Kong, China (SAR)",0.95,84.86,16.93,12.28,62984.77,7.0,4.0,1.0,0.01,..,0.00,..,111.70,0.65,..,..,..,..,..,352.82,14.53,3.99,..,..,..,13.35,HKG,0.784,0.789,0.794,0.802,0.807,0.8109999999999999,0.8140000000000001,0.8190000000000001,0.82,0.8240000000000001,0.83,0.838,0.845,0.8540000000000001,0.865,0.8740000000000001,0.8859999999999999,0.89,0.899,0.9009999999999999,0.904,0.907,0.914,0.9179999999999999,0.9259999999999999,0.93,0.9359999999999999,0.941,0.946,0.9490000000000001,2,2,2,1,1,1,1,1,1,1,1,1,1,1,1,1,1,1,1,1,1,1,1,1,1,1,1,1,1,1
4,4.0,Iceland,0.95,82.99,19.08,12.77,54682.38,14.0,4.0,1.0,0.01,..,0.00,..,40.40,0.89,4.70,21.70,0.10,72.32,8.33,85.92,-1.80,1.13,13.99,40.78,28.30,10.14,ISL,0.807,0.82,0.823,0.8240000000000001,0.8290000000000001,0.831,0.836,0.846,0.855,0.86,0.867,0.872,0.8809999999999999,0.887,0.8909999999999999,0.8959999999999999,0.899,0.905,0.899,0.898,0.898,0.907,0.915,0.927,0.9309999999999999,0.934,0.941,0.943,0.946,0.9490000000000001,1,1,1,1,1,1,1,1,1,1,1,1,1,1,1,1,1,1,1,1,1,1,1,1,1,1,1,1,1,1
5,6.0,Germany,0.95,81.33,16.98,14.15,55314.35,11.0,4.0,1.0,0.07,..,..,..,79.10,0.95,4.80,13.60,0.10,69.72,11.25,88.10,1.33,6.57,14.13,42.49,80.00,12.30,DEU,0.8079999999999999,0.816,0.821,0.831,0.8370000000000001,0.8420000000000001,0.846,0.851,0.86,0.868,0.8759999999999999,0.884,0.89,0.8959999999999999,0.907,0.9079999999999999,0.9179999999999999,0.9209999999999999,0.924,0.924,0.927,0.9329999999999999,0.934,0.935,0.937,0.938,0.941,0.943,0.946,0.9470000000000001,1,1,1,1,1,1,1,1,1,1,1,1,1,1,1,1,1,1,1,1,1,1,1,1,1,1,1,1,1,1
6,7.0,Sweden,0.95,82.8,19.48,12.55,54507.81,12.0,7.0,1.0,0.01,..,..,..,61.30,1.08,7.40,15.80,..,71.39,11.02,90.49,4.56,4.03,13.81,39.84,21.40,12.23,SWE,0.821,0.823,0.826,0.846,0.855,0.862,0.8690000000000001,0.88,0.894,0.899,0.903,0.905,0.9079999999999999,0.9129999999999999,0.9009999999999999,0.904,0.9079999999999999,0.91,0.907,0.905,0.9109999999999999,0.912,0.914,0.9329999999999999,0.935,0.938,0.94,0.9420000000000001,0.943,0.945,1,1,1,1,1,1,1,1,1,1,1,1,1,1,1,1,1,1,1,1,1,1,1,1,1,1,1,1,1,1
7,8.0,Australia,0.94,83.44,21.95,12.72,48084.84,15.0,7.0,1.0,0.02,..,55.35,140.00,172.60,0.89,6.00,17.40,0.10,70.31,9.21,45.69,2.77,6.40,15.19,36.78,38.40,..,AUS,0.871,0.871,0.873,0.8759999999999999,0.879,0.888,0.89,0.893,0.8959999999999999,0.9,0.903,0.905,0.907,0.909,0.9109999999999999,0.9059999999999999,0.909,0.912,0.9259999999999999,0.9279999999999999,0.93,0.932,0.937,0.9309999999999999,0.9329999999999999,0.938,0.9390000000000001,0.941,0.943,0.9440000000000001,1,1,1,1,1,1,1,1,1,1,1,1,1,1,1,1,1,1,1,1,1,1,1,1,1,1,1,1,1,1
8,8.0,Netherlands,0.94,82.28,18.49,12.41,57707.07,6.0,9.0,1.0,0.06,..,..,100.00,65.90,0.59,6.40,12.90,..,70.62,10.10,154.32,3.09,0.94,13.61,36.05,31.70,11.81,NLD,0.836,0.84,0.841,0.846,0.871,0.868,0.872,0.872,0.8740000000000001,0.877,0.882,0.8859999999999999,0.885,0.89,0.892,0.897,0.903,0.91,0.9129999999999999,0.912,0.917,0.9279999999999999,0.9279999999999999,0.93,0.932,0.934,0.9359999999999999,0.9390000000000001,0.9420000000000001,0.9440000000000001,1,1,1,1,1,1,1,1,1,1,1,1,1,1,1,1,1,1,1,1,1,1,1,1,1,1,1,1,1,1
9,10.0,Denmark,0.94,80.9,18.89,12.61,58661.87,2.0,10.0,1.0,0.01,..,..,..,63.20,1.01,5.20,13.20,0.10,69.92,10.11,105.00,-1.86,2.65,13.82,40.10,26.00,10.74,DNK,0.8059999999999999,0.8109999999999999,0.815,0.8220000000000001,0.831,0.8370000000000001,0.8440000000000001,0.85,0.856,0.868,0.87,0.883,0.89,0.9009999999999999,0.905,0.91,0.912,0.9109999999999999,0.917,0.914,0.917,0.93,0.9309999999999999,0.9329999999999999,0.935,0.9329999999999999,0.935,0.9359999999999999,0.9390000000000001,0.94,1,1,1,1,1,1,1,1,1,1,1,1,1,1,1,1,1,1,1,1,1,1,1,1,1,1,1,1,1,1
10,11.0,Finland,0.94,81.91,19.4,12.82,48511.4,11.0,11.0,1.0,..,..,..,..,53.50,1.63,6.80,20.80,0.10,70.34,9.21,79.47,3.08,2.54,14.08,38.12,36.10,13.67,FIN,0.79,0.7929999999999999,0.8009999999999999,0.805,0.815,0.823,0.83,0.838,0.846,0.8540000000000001,0.8640000000000001,0.871,0.8740000000000001,0.877,0.904,0.9079999999999999,0.912,0.915,0.917,0.912,0.9159999999999999,0.92,0.9209999999999999,0.9279999999999999,0.9279999999999999,0.93,0.932,0.935,0.937,0.938,2,2,1,1,1,1,1,1,1,1,1,1,1,1,1,1,1,1,1,1,1,1,1,1,1,1,1,1,1,1
11,11.0,Singapore,0.94,83.62,16.44,11.62,88155.21,-8.0,12.0,1.0,0.04,..,..,17.00,207.80,0.16,4.90,11.10,0.20,74.48,4.44,319.15,28.35,4.72,12.22,22.94,24.90,14.69,SGP,0.721,0.731,0.742,0.753,0.764,0.774,0.7829999999999999,0.794,0.799,0.81,0.821,0.825,0.833,0.8420000000000001,0.8490000000000001,0.8740000000000001,0.8809999999999999,0.882,0.888,0.888,0.909,0.9129999999999999,0.9179999999999999,0.9209999999999999,0.9259999999999999,0.9309999999999999,0.935,0.9329999999999999,0.9359999999999999,0.938,2,2,2,2,2,2,2,2,2,1,1,1,1,1,1,1,1,1,1,1,1,1,1,1,1,1,1,1,1,1
12,13.0,United Kingdom,0.93,81.32,17.5,13.24,46070.64,13.0,14.0,1.0,0.06,..,0.00,..,137.08,1.20,3.50,11.90,..,69.11,9.63,64.25,0.96,3.90,14.75,28.12,24.60,15.13,GBR,0.7809999999999999,0.794,0.807,0.82,0.833,0.846,0.851,0.856,0.862,0.868,0.8740000000000001,0.878,0.8809999999999999,0.885,0.892,0.897,0.8959999999999999,0.899,0.903,0.9059999999999999,0.912,0.9059999999999999,0.904,0.9209999999999999,0.925,0.9229999999999999,0.924,0.9259999999999999,0.9279999999999999,0.932,2,2,1,1,1,1,1,1,1,1,1,1,1,1,1,1,1,1,1,1,1,1,1,1,1,1,1,1,1,1
13,14.0,Belgium,0.93,81.63,19.77,12.05,52084.59,6.0,13.0,1.0,0.04,..,..,..,87.70,1.69,9.40,22.20,..,69.72,10.34,163.29,-5.39,4.20,14.36,30.71,55.80,11.28,BEL,0.813,0.8170000000000001,0.8320000000000001,0.845,0.852,0.8590000000000001,0.8640000000000001,0.8690000000000001,0.873,0.875,0.88,0.883,0.8859999999999999,0.889,0.893,0.897,0.904,0.907,0.9059999999999999,0.907,0.91,0.9109999999999999,0.9129999999999999,0.9159999999999999,0.9179999999999999,0.922,0.924,0.929,0.93,0.9309999999999999,1,1,1,1,1,1,1,1,1,1,1,1,1,1,1,1,1,1,1,1,1,1,1,1,1,1,1,1,1,1
14,14.0,New Zealand,0.93,82.29,18.84,12.78,40798.72,18.0,14.0,1.0,0.04,..,6.22,33.00,206.20,0.74,6.20,17.30,0.10,69.59,9.17,55.94,1.91,3.15,14.91,35.90,25.70,14.92,NZL,0.826,0.8270000000000001,0.8320000000000001,0.8440000000000001,0.853,0.8590000000000001,0.862,0.868,0.87,0.872,0.8759999999999999,0.88,0.888,0.8909999999999999,0.894,0.8959999999999999,0.898,0.9009999999999999,0.902,0.905,0.9059999999999999,0.909,0.9109999999999999,0.914,0.9159999999999999,0.9209999999999999,0.924,0.9259999999999999,0.9279999999999999,0.9309999999999999,1,1,1,1,1,1,1,1,1,1,1,1,1,1,1,1,1,1,1,1,1,1,1,1,1,1,1,1,1,1
15,16.0,Canada,0.93,82.43,16.16,13.37,48527.04,5.0,14.0,1.0,0.07,..,17.95,..,107.70,1.76,5.80,15.10,..,70.45,10.57,64.98,2.58,6.56,14.27,26.10,25.20,..,CAN,0.85,0.8540000000000001,0.857,0.855,0.8590000000000001,0.862,0.8640000000000001,0.863,0.861,0.8640000000000001,0.867,0.871,0.877,0.882,0.888,0.894,0.898,0.8959999999999999,0.898,0.898,0.9009999999999999,0.903,0.9059999999999999,0.9129999999999999,0.9179999999999999,0.9209999999999999,0.9229999999999999,0.9259999999999999,0.9279999999999999,0.929,1,1,1,1,1,1,1,1,1,1,1,1,1,1,1,1,1,1,1,1,1,1,1,1,1,1,1,1,1,1
16,17.0,United States,0.93,78.86,16.31,13.41,63825.66,-7.0,17.0,1.0,0.31,..,50.58,3310.00,662.50,4.96,6.40,21.10,..,65.43,17.06,26.39,1.45,2.93,17.11,26.12,28.70,14.20,USA,0.865,0.867,,0.877,0.88,0.883,0.884,,0.889,0.89,0.8859999999999999,0.889,0.8909999999999999,0.894,0.897,0.9,0.903,0.9059999999999999,0.9109999999999999,0.912,0.9159999999999999,0.919,0.92,0.9179999999999999,0.92,0.9209999999999999,0.922,0.924,0.925,0.9259999999999999,1,1,4,1,1,1,1,4,1,1,1,1,1,1,1,1,1,1,1,1,1,1,1,1,1,1,1,1,1,1
17,18.0,Austria,0.92,81.54,16.09,12.55,56196.9,-3.0,18.0,1.0,0.02,..,..,..,103.10,0.97,5.70,17.50,..,70.60,10.40,107.72,2.94,7.35,14.07,51.70,72.70,10.02,AUT,0.8029999999999999,0.8079999999999999,0.813,0.8170000000000001,0.821,0.825,0.8290000000000001,0.8320000000000001,0.8370000000000001,0.8420000000000001,0.847,0.857,0.847,0.851,0.858,0.863,0.87,0.89,0.893,0.895,0.904,0.9059999999999999,0.9079999999999999,0.905,0.9129999999999999,0.915,0.917,0.919,0.9209999999999999,0.922,1,1,1,1,1,1,1,1,1,1,1,1,1,1,1,1,1,1,1,1,1,1,1,1,1,1,1,1,1,1
18,19.0,Israel,0.92,82.97,16.16,13.03,40186.85,14.0,21.0,1.0,0.46,..,..,..,231.20,1.49,2.40,8.20,0.20,71.82,7.41,58.46,4.61,1.20,13.47,46.25,29.80,12.07,ISR,0.8009999999999999,0.8079999999999999,0.815,0.821,0.8270000000000001,0.8320000000000001,0.836,0.8440000000000001,0.852,0.8590000000000001,0.861,0.865,0.873,0.8740000000000001,0.8759999999999999,0.88,0.88,0.889,0.889,0.89,0.895,0.9009999999999999,0.903,0.905,0.909,0.91,0.9129999999999999,0.9129999999999999,0.9159999999999999,0.919,1,1,1,1,1,1,1,1,1,1,1,1,1,1,1,1,1,1,1,1,1,1,1,1,1,1,1,1,1,1
19,19.0,Japan,0.92,84.63,15.23,12.85,42931.7,9.0,20.0,1.0,0.04,..,17.36,..,39.80,0.26,8.10,20.50,0.10,73.84,10.94,36.82,0.73,0.56,12.92,24.12,129.80,15.66,JPN,0.818,0.823,0.826,0.831,0.8370000000000001,0.8420000000000001,0.847,0.85,0.8490000000000001,0.852,0.858,0.861,0.8640000000000001,0.867,0.871,0.875,0.879,0.882,0.883,0.882,0.887,0.892,0.897,0.902,0.9059999999999999,0.9079999999999999,0.912,0.915,0.917,0.919,1,1,1,1,1,1,1,1,1,1,1,1,1,1,1,1,1,1,1,1,1,1,1,1,1,1,1,1,1,1
20,19.0,Liechtenstein,0.92,80.67,14.9,12.54,131031.59,-18.0,19.0,1.0,0.00,..,..,..,165.80,2.64,..,..,..,..,..,..,595.15,..,..,..,..,7.80,LIE,,,,,,,,,,,0.862,0.868,0.873,0.878,0.883,0.8859999999999999,0.89,0.893,0.899,0.899,0.904,0.909,0.9079999999999999,0.912,0.9109999999999999,0.9109999999999999,0.915,0.9159999999999999,0.919,0.919,4,4,4,4,4,4,4,4,4,4,1,1,1,1,1,1,1,1,1,1,1,1,1,1,1,1,1,1,1,1
21,22.0,Slovenia,0.92,81.32,17.57,12.66,38079.53,15.0,24.0,1.0,0.02,..,0.00,..,67.20,0.48,4.50,22.40,0.10,70.38,8.19,159.74,2.57,0.96,13.54,30.86,44.30,13.80,SVN,0.774,0.772,0.774,0.7759999999999999,0.7829999999999999,0.79,0.7959999999999999,0.804,0.813,0.826,0.8320000000000001,0.843,0.85,0.857,0.8640000000000001,0.8690000000000001,0.8759999999999999,0.88,0.8859999999999999,0.885,0.889,0.8909999999999999,0.884,0.893,0.894,0.894,0.9,0.907,0.912,0.917,2,2,2,2,2,2,2,1,1,1,1,1,1,1,1,1,1,1,1,1,1,1,1,1,1,1,1,1,1,1
22,23.0,Korea (Republic of),0.92,83.03,16.48,12.21,43043.71,4.0,22.0,1.0,0.18,..,3.60,..,105.90,0.60,11.60,29.60,..,72.33,7.60,76.71,0.64,0.23,12.77,23.61,124.30,16.29,KOR,0.732,0.743,0.75,0.76,0.772,0.7829999999999999,0.7929999999999999,0.805,0.802,0.813,0.823,0.8290000000000001,0.8370000000000001,0.8440000000000001,0.853,0.86,0.868,0.875,0.88,0.877,0.889,0.895,0.898,0.9009999999999999,0.904,0.907,0.91,0.912,0.914,0.9159999999999999,2,2,2,2,2,2,2,1,1,1,1,1,1,1,1,1,1,1,1,1,1,1,1,1,1,1,1,1,1,1
23,23.0,Luxembourg,0.92,82.25,14.26,12.31,72711.67,-19.0,23.0,1.0,0.00,..,..,..,107.60,0.34,5.80,15.00,0.30,70.99,5.48,381.52,-7.92,16.33,14.38,30.09,42.60,8.30,LUX,0.797,0.804,0.809,0.813,0.818,0.821,0.83,0.836,0.8440000000000001,0.856,0.86,0.865,0.8690000000000001,0.873,0.8759999999999999,0.88,0.884,0.888,0.89,0.893,0.898,0.899,0.9,0.9,0.903,0.9059999999999999,0.91,0.9129999999999999,0.9129999999999999,0.9159999999999999,2,1,1,1,1,1,1,1,1,1,1,1,1,1,1,1,1,1,1,1,1,1,1,1,1,1,1,1,1,1
24,25.0,Spain,0.9,83.57,17.62,10.25,40974.52,6.0,25.0,1.0,0.05,..,29.14,250.00,126.10,0.62,3.10,9.30,0.30,71.60,8.87,66.92,1.33,0.86,13.83,38.72,29.70,13.13,ESP,0.7609999999999999,0.77,0.779,0.789,0.7979999999999999,0.807,0.813,0.8170000000000001,0.821,0.826,0.8320000000000001,0.835,0.8370000000000001,0.84,0.8440000000000001,0.851,0.856,0.86,0.863,0.865,0.872,0.878,0.8809999999999999,0.882,0.888,0.895,0.899,0.903,0.905,0.904,2,2,2,2,2,1,1,1,1,1,1,1,1,1,1,1,1,1,1,1,1,1,1,1,1,1,1,1,1,1
25,26.0,France,0.9,82.66,15.64,11.48,47172.54,-1.0,26.0,1.0,0.05,..,0.00,550.00,106.40,1.20,6.50,17.90,0.30,71.50,11.31,64.52,2.47,0.56,13.71,32.67,59.10,18.18,FRA,0.7859999999999999,0.7959999999999999,0.804,0.81,0.825,0.8320000000000001,0.8370000000000001,0.841,0.845,0.851,0.8490000000000001,0.851,0.852,0.855,0.858,0.867,0.871,0.8740000000000001,0.875,0.8759999999999999,0.879,0.882,0.885,0.889,0.893,0.895,0.894,0.897,0.898,0.9009999999999999,2,2,1,1,1,1,1,1,1,1,1,1,1,1,1,1,1,1,1,1,1,1,1,1,1,1,1,1,1,1
26,27.0,Czechia,0.9,79.38,16.79,12.72,38108.57,9.0,26.0,1.0,1.17,..,0.00,..,202.30,0.62,4.20,17.20,0.10,68.60,7.23,144.88,3.79,2.07,13.66,41.21,66.20,18.93,CZE,0.738,0.733,0.736,0.743,0.752,0.7609999999999999,0.7759999999999999,0.782,0.7829999999999999,0.7929999999999999,0.804,0.8140000000000001,0.821,0.83,0.8340000000000001,0.843,0.852,0.858,0.863,0.866,0.87,0.8740000000000001,0.8740000000000001,0.882,0.888,0.8909999999999999,0.893,0.8959999999999999,0.898,0.9,2,2,2,2,2,2,2,2,2,2,1,1,1,1,1,1,1,1,1,1,1,1,1,1,1,1,1,1,1,1
27,28.0,Malta,0.9,82.53,16.1,11.33,39554.52,6.0,28.0,1.0,0.00,..,..,..,141.00,1.59,2.80,10.30,..,71.07,9.34,261.01,30.27,2.06,13.94,28.60,44.90,12.94,MLT,0.752,0.757,0.762,0.7659999999999999,0.768,0.772,0.7759999999999999,0.7809999999999999,0.789,0.7929999999999999,0.795,0.8009999999999999,0.804,0.81,0.8190000000000001,0.8340000000000001,0.8320000000000001,0.8370000000000001,0.8390000000000001,0.84,0.853,0.853,0.86,0.867,0.8740000000000001,0.88,0.885,0.888,0.894,0.895,2,2,2,2,2,2,2,2,2,2,2,1,1,1,1,1,1,1,1,1,1,1,1,1,1,1,1,1,1,1
28,29.0,Estonia,0.89,78.75,15.99,13.14,36019.27,9.0,30.0,1.0,0.27,..,..,..,195.30,2.12,4.40,25.60,0.90,68.13,6.43,141.15,9.23,2.96,12.71,44.83,45.70,11.31,EST,0.735,0.73,0.722,0.715,0.72,0.7290000000000001,0.74,0.754,0.7659999999999999,0.773,0.787,0.797,0.805,0.813,0.821,0.8320000000000001,0.8390000000000001,0.846,0.848,0.846,0.852,0.86,0.865,0.8690000000000001,0.871,0.877,0.8809999999999999,0.885,0.889,0.892,2,2,2,2,2,2,2,2,2,2,2,2,1,1,1,1,1,1,1,1,1,1,1,1,1,1,1,1,1,1
29,29.0,Italy,0.89,83.51,16.09,10.38,42776.36,0.0,29.0,1.0,0.08,..,114.43,290.00,100.80,0.57,2.60,8.40,0.30,71.24,8.84,60.14,1.46,2.46,14.27,39.77,31.40,11.48,ITA,0.7759999999999999,0.782,0.7879999999999999,0.7929999999999999,0.802,0.8079999999999999,0.8140000000000001,0.821,0.8270000000000001,0.8320000000000001,0.838,0.845,0.85,0.855,0.86,0.865,0.87,0.8740000000000001,0.8759999999999999,0.8759999999999999,0.879,0.883,0.882,0.8809999999999999,0.882,0.882,0.884,0.8859999999999999,0.89,0.892,2,2,2,2,1,1,1,1,1,1,1,1,1,1,1,1,1,1,1,1,1,1,1,1,1,1,1,1,1,1
30,31.0,United Arab Emirates,0.89,77.97,14.34,12.11,67462.1,-24.0,30.0,1.0,0.16,..,..,..,106.60,0.46,0.80,3.50,..,64.38,3.33,160.94,2.46,4.18,12.88,25.28,13.80,24.52,ARE,0.723,0.735,0.738,0.745,0.755,0.764,0.765,0.7659999999999999,0.769,0.7759999999999999,0.782,0.787,0.792,0.7979999999999999,0.8029999999999999,0.809,0.8140000000000001,0.8190000000000001,0.821,0.8190000000000001,0.82,0.826,0.8320000000000001,0.838,0.847,0.8590000000000001,0.8640000000000001,0.8809999999999999,0.889,0.89,2,2,2,2,2,2,2,2,2,2,2,2,2,2,1,1,1,1,1,1,1,1,1,1,1,1,1,1,1,1
31,32.0,Greece,0.89,82.24,17.91,10.55,30154.63,14.0,33.0,1.0,0.10,..,2.76,..,101.30,0.94,1.50,6.10,..,69.91,8.04,74.38,2.20,-1.52,13.62,54.79,42.00,9.38,GRC,0.7609999999999999,0.77,0.7709999999999999,0.77,0.774,0.7759999999999999,0.78,0.785,0.795,0.797,0.804,0.8140000000000001,0.826,0.833,0.843,0.853,0.8590000000000001,0.857,0.865,0.867,0.865,0.862,0.865,0.867,0.875,0.877,0.8740000000000001,0.879,0.8809999999999999,0.888,2,2,2,2,2,2,2,2,2,2,1,1,1,1,1,1,1,1,1,1,1,1,1,1,1,1,1,1,1,1
32,33.0,Cyprus,0.89,80.98,15.17,12.17,38206.84,2.0,32.0,1.0,0.00,228.00,0.00,..,52.10,1.26,1.90,7.20,..,69.90,6.68,142.64,97.05,4.22,13.50,19.51,34.00,12.04,CYP,0.735,0.738,0.742,0.779,0.784,0.7879999999999999,0.7909999999999999,0.794,0.8029999999999999,0.802,0.804,0.81,0.8190000000000001,0.828,0.831,0.836,0.8420000000000001,0.8490000000000001,0.858,0.862,0.856,0.86,0.8590000000000001,0.86,0.862,0.865,0.873,0.878,0.885,0.887,2,2,2,2,2,2,2,2,1,1,1,1,1,1,1,1,1,1,1,1,1,1,1,1,1,1,1,1,1,1
33,34.0,Lithuania,0.88,75.93,16.64,13.08,35798.67,5.0,35.0,1.0,0.07,..,..,44.00,231.50,4.57,6.70,47.50,..,66.56,6.46,150.58,2.50,-11.60,12.69,63.53,64.30,13.52,LTU,0.738,0.7340000000000001,0.7190000000000001,0.708,0.7040000000000001,0.71,0.7190000000000001,0.731,0.743,0.7509999999999999,0.762,0.774,0.785,0.797,0.805,0.8170000000000001,0.826,0.833,0.838,0.828,0.831,0.838,0.841,0.847,0.8590000000000001,0.862,0.867,0.873,0.8759999999999999,0.882,2,2,2,2,2,2,2,2,2,2,2,2,2,2,1,1,1,1,1,1,1,1,1,1,1,1,1,1,1,1
34,35.0,Poland,0.88,78.73,16.3,12.47,31622.55,8.0,34.0,1.0,0.97,..,0.00,..,192.00,0.73,3.40,23.90,..,68.12,6.54,106.24,2.54,-0.78,12.78,23.79,65.40,10.18,POL,0.718,0.716,0.7190000000000001,0.73,0.7390000000000001,0.745,0.753,0.764,0.774,0.7829999999999999,0.79,0.7959999999999999,0.804,0.809,0.807,0.813,0.8190000000000001,0.8240000000000001,0.8290000000000001,0.8340000000000001,0.84,0.845,0.8420000000000001,0.856,0.858,0.863,0.8690000000000001,0.873,0.877,0.88,2,2,2,2,2,2,2,2,2,2,2,2,1,1,1,1,1,1,1,1,1,1,1,1,1,1,1,1,1,1
35,36.0,Andorra,0.87,81.91,13.3,10.5,56000.3,-20.0,36.0,1.0,0.00,..,..,..,63.60,0.00,..,..,..,70.88,10.32,..,..,..,13.77,33.33,..,10.50,AND,,,,,,,,,,,0.813,0.815,0.82,0.8270000000000001,0.833,0.8270000000000001,0.8370000000000001,0.8370000000000001,0.84,0.8390000000000001,0.8370000000000001,0.836,0.858,0.856,0.863,0.862,0.866,0.863,0.867,0.868,4,4,4,4,4,4,4,4,4,4,1,1,1,1,1,1,1,1,1,1,1,1,1,1,1,1,1,1,1,1
36,37.0,Latvia,0.87,75.29,16.17,13.03,30282.39,8.0,37.0,1.0,0.15,..,..,29.00,182.70,4.36,5.10,31.00,0.40,66.32,5.96,119.73,2.64,-7.64,12.58,31.91,54.90,11.54,LVA,0.711,0.706,0.685,0.674,0.675,0.68,0.687,0.698,0.711,0.723,0.735,0.753,0.767,0.7809999999999999,0.795,0.809,0.816,0.825,0.828,0.826,0.8240000000000001,0.8290000000000001,0.8320000000000001,0.8390000000000001,0.845,0.8490000000000001,0.8540000000000001,0.8590000000000001,0.863,0.866,2,2,3,3,3,3,3,3,2,2,2,2,2,2,2,1,1,1,1,1,1,1,1,1,1,1,1,1,1,1
37,38.0,Portugal,0.86,82.05,16.54,9.26,33966.83,2.0,38.0,1.0,0.02,..,27.98,..,127.00,0.79,3.80,14.30,0.50,70.21,8.97,87.64,3.48,-0.58,14.08,51.24,34.50,12.35,PRT,0.718,0.727,0.7390000000000001,0.753,0.76,0.767,0.774,0.78,0.787,0.7859999999999999,0.792,0.7979999999999999,0.799,0.805,0.809,0.813,0.8109999999999999,0.8140000000000001,0.8170000000000001,0.823,0.8290000000000001,0.833,0.836,0.84,0.847,0.8540000000000001,0.855,0.858,0.86,0.8640000000000001,2,2,2,2,2,2,2,2,2,2,2,2,2,1,1,1,1,1,1,1,1,1,1,1,1,1,1,1,1,1
38,39.0,Slovakia,0.86,77.54,14.49,12.69,32113.05,3.0,39.0,1.0,1.35,..,0.00,..,188.80,1.14,2.60,18.40,0.10,67.61,6.74,185.25,2.19,0.27,12.84,34.16,57.00,15.54,SVK,0.741,0.736,0.735,0.738,0.745,0.752,0.7559999999999999,0.758,0.764,0.763,0.765,0.7659999999999999,0.773,0.778,0.7859999999999999,0.7959999999999999,0.805,0.816,0.823,0.825,0.831,0.838,0.843,0.845,0.847,0.85,0.853,0.855,0.858,0.86,2,2,2,2,2,2,2,2,2,2,2,2,2,2,2,2,1,1,1,1,1,1,1,1,1,1,1,1,1,1
39,40.0,Hungary,0.85,76.88,15.2,11.96,31328.81,4.0,42.0,1.0,4.00,..,0.00,..,174.60,2.49,6.20,22.20,0.10,66.79,6.88,162.98,3.78,0.62,12.82,34.08,70.10,10.77,HUN,0.708,0.706,0.711,0.7240000000000001,0.737,0.746,0.75,0.7509999999999999,0.758,0.765,0.772,0.7809999999999999,0.7879999999999999,0.797,0.799,0.805,0.815,0.818,0.8220000000000001,0.828,0.831,0.828,0.831,0.8390000000000001,0.838,0.8420000000000001,0.8440000000000001,0.846,0.85,0.8540000000000001,2,2,2,2,2,2,2,2,2,2,2,2,2,2,2,1,1,1,1,1,1,1,1,1,1,1,1,1,1,1
40,40.0,Saudi Arabia,0.85,75.13,16.14,10.23,47495.43,-16.0,40.0,1.0,1.77,..,29.61,..,205.60,1.27,1.70,4.60,..,64.48,5.23,62.16,0.58,4.06,13.48,26.12,22.40,13.81,SAU,0.6970000000000001,0.705,0.71,0.7140000000000001,0.718,0.722,0.726,0.731,0.736,0.738,0.743,0.746,0.748,0.755,0.764,0.77,0.777,0.7829999999999999,0.792,0.7959999999999999,0.809,0.823,0.835,0.845,0.852,0.8590000000000001,0.8590000000000001,0.852,0.8540000000000001,0.8540000000000001,3,2,2,2,2,2,2,2,2,2,2,2,2,2,2,2,2,2,2,2,1,1,1,1,1,1,1,1,1,1
41,42.0,Bahrain,0.85,77.29,16.25,9.52,42521.7,-12.0,41.0,1.0,0.56,..,..,..,233.30,0.52,2.10,7.90,..,66.59,4.75,151.40,0.30,31.11,13.56,9.26,17.40,11.92,BHR,0.7490000000000001,0.755,0.76,0.769,0.772,0.778,0.782,0.7829999999999999,0.787,0.789,0.795,0.7959999999999999,0.795,0.797,0.7959999999999999,0.795,0.797,0.799,0.8,0.7979999999999999,0.8,0.8009999999999999,0.8079999999999999,0.815,0.82,0.848,0.853,0.8540000000000001,0.852,0.852,2,2,2,2,2,2,2,2,2,2,2,2,2,2,2,2,2,2,1,2,1,1,1,1,1,1,1,1,1,1
42,43.0,Chile,0.85,80.18,16.45,10.58,23261.3,16.0,43.0,1.0,0.49,..,4263.98,170.00,245.50,4.40,3.80,16.00,0.50,69.23,8.98,56.76,2.04,6.02,13.64,25.91,20.60,17.79,CHL,0.706,0.715,0.722,0.715,0.72,0.728,0.735,0.742,0.743,0.75,0.7559999999999999,0.767,0.769,0.7759999999999999,0.785,0.7909999999999999,0.7909999999999999,0.804,0.8140000000000001,0.8220000000000001,0.8029999999999999,0.815,0.821,0.826,0.8370000000000001,0.8420000000000001,0.845,0.847,0.8490000000000001,0.851,2,2,2,2,2,2,2,2,2,2,2,2,2,2,2,2,2,1,1,1,1,1,1,1,1,1,1,1,1,1
43,43.0,Croatia,0.85,78.49,15.23,11.45,28069.85,6.0,44.0,1.0,23.80,..,0.45,37.00,77.40,0.58,5.10,18.80,0.10,68.21,6.79,102.85,1.94,-1.92,13.28,30.00,55.40,13.51,HRV,0.677,0.672,0.672,0.674,0.688,0.703,0.715,0.727,0.738,0.747,0.757,0.768,0.774,0.78,0.7859999999999999,0.792,0.7979999999999999,0.8079999999999999,0.813,0.812,0.815,0.823,0.825,0.83,0.835,0.84,0.841,0.845,0.848,0.851,3,3,3,3,3,2,2,2,2,2,2,2,2,2,2,2,2,1,1,1,1,1,1,1,1,1,1,1,1,1
44,45.0,Qatar,0.85,80.23,12.04,9.73,92418.23,-43.0,45.0,1.0,0.04,..,..,..,46.80,0.37,1.10,7.30,..,66.27,2.61,86.55,-1.53,14.69,13.13,24.85,12.50,12.17,QAT,0.75,0.747,0.7509999999999999,0.762,0.773,0.782,0.794,0.8059999999999999,0.81,0.8140000000000001,0.816,0.8170000000000001,0.8220000000000001,0.83,0.8320000000000001,0.838,0.835,0.838,0.843,0.841,0.8340000000000001,0.84,0.8540000000000001,0.8420000000000001,0.835,0.8390000000000001,0.845,0.848,0.845,0.848,2,2,2,2,2,2,2,1,1,1,1,1,1,1,1,1,1,1,1,1,1,1,1,1,1,1,1,1,1,1
45,46.0,Argentina,0.85,76.67,17.65,10.94,21190.18,16.0,46.0,1.0,0.11,..,4.26,620.00,194.10,5.32,3.50,15.00,0.40,66.79,9.12,32.39,1.39,0.11,12.78,39.90,49.90,17.23,ARG,0.718,0.725,0.73,0.735,0.7390000000000001,0.741,0.748,0.757,0.763,0.774,0.7809999999999999,0.7859999999999999,0.7809999999999999,0.7859999999999999,0.787,0.7879999999999999,0.812,0.8170000000000001,0.821,0.821,0.8290000000000001,0.835,0.8340000000000001,0.835,0.836,0.84,0.8390000000000001,0.843,0.8420000000000001,0.845,2,2,2,2,2,2,2,2,2,2,2,2,2,2,2,2,1,1,1,1,1,1,1,1,1,1,1,1,1,1
46,47.0,Brunei Darussalam,0.84,75.86,14.31,9.14,63965.09,-38.0,47.0,1.0,0.01,..,..,..,136.10,0.49,2.80,6.20,..,65.26,2.37,108.51,2.77,0.00,12.23,16.09,28.50,9.90,BRN,0.767,0.7709999999999999,0.777,0.7809999999999999,0.7859999999999999,0.79,0.7929999999999999,0.794,0.794,0.8,0.802,0.8029999999999999,0.807,0.813,0.818,0.8220000000000001,0.825,0.825,0.825,0.8270000000000001,0.8270000000000001,0.831,0.8390000000000001,0.8390000000000001,0.838,0.838,0.8390000000000001,0.838,0.836,0.838,2,2,2,2,2,2,2,2,2,1,1,1,1,1,1,1,1,1,1,1,1,1,1,1,1,1,1,1,1,1
47,48.0,Montenegro,0.83,76.88,15.0,11.59,21399.25,13.0,48.0,1.0,0.66,..,..,6.60,179.10,2.23,3.60,12.60,0.10,66.49,..,109.45,8.27,-0.77,12.35,27.56,38.60,..,MNE,,,,,,,,,,,,,,,,,0.773,0.784,0.794,0.797,0.802,0.8059999999999999,0.807,0.8109999999999999,0.813,0.816,0.818,0.8220000000000001,0.826,0.8290000000000001,4,4,4,4,4,4,4,4,4,4,4,4,4,4,4,4,2,2,2,2,1,1,1,1,1,1,1,1,1,1
48,49.0,Romania,0.83,76.05,14.26,11.07,29497.23,-1.0,49.0,1.0,1.35,..,0.00,220.00,106.60,1.28,2.40,13.90,0.10,66.36,5.16,84.56,2.76,-3.78,12.13,29.81,68.90,19.33,ROU,0.708,0.6940000000000001,0.6859999999999999,0.6859999999999999,0.688,0.6940000000000001,0.7020000000000001,0.703,0.705,0.711,0.716,0.722,0.731,0.7390000000000001,0.753,0.762,0.774,0.7879999999999999,0.8029999999999999,0.8059999999999999,0.805,0.8059999999999999,0.8029999999999999,0.8079999999999999,0.8109999999999999,0.815,0.82,0.821,0.823,0.828,2,3,3,3,3,3,2,2,2,2,2,2,2,2,2,2,2,2,1,1,1,1,1,1,1,1,1,1,1,1
49,50.0,Palau,0.83,73.93,15.8,12.49,19316.97,15.0,52.0,1.0,0.00,..,6378.53,..,422.20,11.17,..,..,..,59.20,11.96,123.30,7.57,..,12.29,14.21,..,..,PLW,,,,,,,,,,,0.7440000000000001,0.747,0.7509999999999999,0.755,0.758,0.77,0.774,0.78,0.7809999999999999,0.782,0.7859999999999999,0.7929999999999999,0.795,0.821,0.825,0.82,0.8220000000000001,0.8220000000000001,0.8220000000000001,0.826,4,4,4,4,4,4,4,4,4,4,2,2,2,2,2,2,2,2,2,2,2,2,2,1,1,1,1,1,1,1
50,51.0,Kazakhstan,0.83,73.6,15.61,11.89,22857.46,9.0,53.0,1.0,2.77,..,46.06,450.00,201.00,5.06,7.70,40.10,0.20,63.16,3.13,64.43,1.99,-0.99,12.20,39.80,60.60,17.21,KAZ,0.69,0.684,0.682,0.675,0.667,0.664,0.6659999999999999,0.669,0.672,0.6759999999999999,0.685,0.7,0.7140000000000001,0.726,0.737,0.747,0.754,0.758,0.758,0.762,0.764,0.772,0.782,0.7909999999999999,0.7979999999999999,0.8059999999999999,0.8079999999999999,0.815,0.8190000000000001,0.825,3,3,3,3,3,3,3,3,3,3,3,2,2,2,2,2,2,2,2,2,2,2,2,2,2,1,1,1,1,1
51,52.0,Russian Federation,0.82,72.58,15.03,12.17,26157.05,2.0,49.0,1.0,62.35,1.80,4.37,..,386.40,8.21,7.50,48.30,..,63.74,5.34,49.07,1.87,1.25,12.64,40.14,71.20,21.26,RUS,0.735,0.731,0.72,0.7120000000000001,0.703,0.7020000000000001,0.703,0.705,0.705,0.711,0.722,0.728,0.7340000000000001,0.742,0.748,0.753,0.76,0.769,0.775,0.773,0.7809999999999999,0.79,0.7979999999999999,0.802,0.807,0.809,0.815,0.82,0.823,0.8240000000000001,2,2,2,2,2,2,2,2,2,2,2,2,2,2,2,2,2,2,2,2,2,2,2,1,1,1,1,1,1,1
52,53.0,Belarus,0.82,74.79,15.4,12.31,18546.49,14.0,49.0,1.0,3.43,..,0.00,150.00,344.40,2.39,6.20,39.30,0.50,65.06,5.93,133.35,2.02,0.92,12.10,51.91,108.30,19.23,BLR,,,,,,0.66,0.664,0.67,0.674,0.679,0.6859999999999999,0.6920000000000001,0.6990000000000001,0.7070000000000001,0.7170000000000001,0.727,0.7440000000000001,0.76,0.777,0.787,0.795,0.8009999999999999,0.8059999999999999,0.8109999999999999,0.8140000000000001,0.8140000000000001,0.815,0.8190000000000001,0.823,0.823,4,4,4,4,4,3,3,3,3,3,3,3,3,2,2,2,2,2,2,2,2,1,1,1,1,1,1,1,1,1
53,54.0,Turkey,0.82,77.69,16.6,8.11,27700.89,-4.0,54.0,1.0,83.27,1099.00,39.73,..,321.60,2.59,3.20,11.30,..,67.81,4.22,61.39,1.12,3.49,13.50,18.49,28.50,16.98,TUR,0.583,0.5870000000000001,0.594,0.601,0.603,0.611,0.62,0.629,0.64,0.648,0.66,0.6659999999999999,0.677,0.684,0.69,0.696,0.7040000000000001,0.7120000000000001,0.7140000000000001,0.72,0.7390000000000001,0.753,0.765,0.785,0.7959999999999999,0.8009999999999999,0.8079999999999999,0.8140000000000001,0.8170000000000001,0.82,3,3,3,3,3,3,3,3,3,3,3,3,3,3,3,3,2,2,2,2,2,2,2,2,2,1,1,1,1,1
54,55.0,Uruguay,0.82,77.91,16.84,8.93,20063.64,9.0,56.0,1.0,0.02,..,0.00,..,297.00,12.06,7.10,26.80,0.60,67.45,9.30,41.03,1.34,-0.87,13.00,50.79,24.30,11.02,URY,0.6940000000000001,0.6990000000000001,0.7020000000000001,0.705,0.711,0.7120000000000001,0.718,0.7290000000000001,0.737,0.7390000000000001,0.743,0.747,0.7490000000000001,0.752,0.755,0.758,0.763,0.765,0.769,0.775,0.782,0.789,0.7929999999999999,0.8,0.8029999999999999,0.8059999999999999,0.81,0.8140000000000001,0.816,0.8170000000000001,3,3,2,2,2,2,2,2,2,2,2,2,2,2,2,2,2,2,2,2,2,2,2,1,1,1,1,1,1,1
55,56.0,Bulgaria,0.82,75.05,14.41,11.36,23324.66,2.0,55.0,1.0,0.57,..,15.82,80.00,94.30,1.30,3.20,13.10,0.10,64.58,8.10,123.72,2.21,-0.68,11.95,40.33,74.50,15.21,BGR,0.708,0.705,0.705,0.7040000000000001,0.705,0.71,0.718,0.713,0.718,0.716,0.72,0.73,0.736,0.745,0.752,0.758,0.765,0.773,0.78,0.782,0.7879999999999999,0.7909999999999999,0.795,0.8009999999999999,0.8059999999999999,0.809,0.8109999999999999,0.8109999999999999,0.813,0.816,2,2,2,2,2,2,2,2,2,2,2,2,2,2,2,2,2,2,2,2,2,2,2,1,1,1,1,1,1,1
56,57.0,Panama,0.82,78.51,12.91,10.24,29557.67,-10.0,58.0,1.0,0.05,..,0.00,..,396.50,9.39,1.20,7.60,0.90,69.24,7.32,89.39,9.08,2.70,13.48,15.69,22.50,21.96,PAN,0.675,0.68,0.688,0.696,0.6990000000000001,0.7040000000000001,0.71,0.716,0.7240000000000001,0.7290000000000001,0.735,0.738,0.7440000000000001,0.746,0.7509999999999999,0.754,0.759,0.767,0.7709999999999999,0.772,0.774,0.78,0.7859999999999999,0.7909999999999999,0.795,0.799,0.805,0.8109999999999999,0.812,0.815,3,3,3,3,3,2,2,2,2,2,2,2,2,2,2,2,2,2,2,2,2,2,2,2,2,2,1,1,1,1
57,58.0,Bahamas,0.81,73.92,12.9,11.44,33747.21,-17.0,58.0,1.0,0.50,..,0.00,..,460.60,31.96,0.50,2.80,1.80,64.24,5.76,77.35,3.96,2.61,12.44,20.07,29.60,19.45,BHS,,,,,,,,,,,0.797,0.7979999999999999,0.8,0.799,0.8,0.8009999999999999,0.804,0.804,0.804,0.8029999999999999,0.805,0.805,0.807,0.8059999999999999,0.805,0.8079999999999999,0.81,0.812,0.812,0.8140000000000001,4,4,4,4,4,4,4,4,4,4,2,2,1,2,1,1,1,1,1,1,1,1,1,1,1,1,1,1,1,1
58,58.0,Barbados,0.81,79.19,15.39,10.64,14935.91,20.0,60.0,1.0,0.25,..,0.00,2.60,296.20,9.77,0.30,0.80,1.50,66.70,6.78,83.69,3.84,-0.28,12.46,24.84,59.70,13.99,BRB,0.732,0.733,0.733,0.737,0.742,0.747,0.7509999999999999,0.757,0.753,0.76,0.7709999999999999,0.77,0.774,0.778,0.782,0.787,0.7909999999999999,0.7959999999999999,0.8,0.8,0.797,0.799,0.8079999999999999,0.807,0.8079999999999999,0.809,0.8109999999999999,0.81,0.81,0.8140000000000001,2,2,2,2,2,2,2,2,2,2,2,2,2,2,2,2,2,2,1,1,2,2,1,1,1,1,1,1,1,1
59,60.0,Oman,0.81,77.86,14.18,9.73,25944.07,-5.0,56.0,1.0,0.05,..,0.00,29.00,..,0.27,0.90,4.80,0.20,64.76,3.85,100.69,8.00,18.65,12.44,20.03,14.70,9.67,OMN,,,,,,,,,,,0.693,0.705,0.7140000000000001,0.7240000000000001,0.731,0.736,0.74,0.752,0.77,0.777,0.782,0.782,0.7909999999999999,0.799,0.802,0.8140000000000001,0.815,0.8190000000000001,0.813,0.813,4,4,4,4,4,4,4,4,4,4,3,2,2,2,2,2,2,2,2,2,2,2,2,2,1,1,1,1,1,1
60,61.0,Georgia,0.81,73.77,15.28,13.13,14428.8,22.0,63.0,1.0,7.52,301.00,134.84,67.00,239.20,2.22,1.90,12.30,0.40,64.49,7.60,116.87,7.15,-2.50,12.14,71.20,28.90,8.98,GEO,,,,,,,,,,,0.69,0.6940000000000001,0.6990000000000001,0.708,0.715,0.725,0.731,0.743,0.742,0.746,0.7509999999999999,0.757,0.767,0.775,0.7829999999999999,0.79,0.792,0.799,0.805,0.812,4,4,4,4,4,4,4,4,4,4,3,3,3,2,2,2,2,2,2,2,2,2,2,2,2,2,2,2,1,1
61,62.0,Costa Rica,0.81,80.28,15.65,8.74,18486.37,6.0,61.0,1.0,0.21,..,0.00,44.00,287.40,11.26,2.30,12.80,0.40,69.38,7.33,66.10,4.06,0.85,13.36,28.94,11.00,12.20,CRI,0.665,0.672,0.68,0.687,0.6920000000000001,0.6970000000000001,0.701,0.7070000000000001,0.713,0.7170000000000001,0.721,0.725,0.728,0.731,0.735,0.738,0.745,0.753,0.7609999999999999,0.762,0.765,0.778,0.7829999999999999,0.7879999999999999,0.7959999999999999,0.797,0.8009999999999999,0.804,0.8079999999999999,0.81,3,3,3,3,3,3,2,2,2,2,2,2,2,2,2,2,2,2,2,2,2,2,2,2,2,2,1,1,1,1
62,62.0,Malaysia,0.81,76.16,13.68,10.37,27534.1,-11.0,63.0,1.0,1.16,..,0.00,430.00,178.10,2.13,3.60,8.70,0.40,65.65,3.86,123.09,2.39,1.60,12.51,15.36,18.80,11.66,MYS,0.643,0.6509999999999999,0.66,0.667,0.675,0.682,0.6940000000000001,0.7040000000000001,0.708,0.713,0.723,0.721,0.723,0.73,0.733,0.73,0.737,0.75,0.7609999999999999,0.765,0.772,0.778,0.7809999999999999,0.785,0.7909999999999999,0.7959999999999999,0.8,0.805,0.805,0.81,3,3,3,3,3,3,3,2,2,2,2,2,2,2,2,2,2,2,2,2,2,2,2,2,2,2,1,1,1,1
63,64.0,Kuwait,0.81,75.49,14.25,7.28,58590.08,-51.0,62.0,1.0,1.31,..,..,..,147.90,..,1.70,2.50,0.10,70.25,5.29,100.49,-0.02,9.75,13.77,26.46,20.40,8.88,KWT,0.705,0.665,0.659,0.688,0.718,0.748,0.772,0.775,0.78,0.7809999999999999,0.7809999999999999,0.778,0.78,0.7879999999999999,0.789,0.7829999999999999,0.7879999999999999,0.7879999999999999,0.79,0.789,0.7879999999999999,0.792,0.7959999999999999,0.7929999999999999,0.7959999999999999,0.8009999999999999,0.804,0.805,0.807,0.8059999999999999,2,3,3,3,2,2,2,2,2,2,2,2,2,2,2,2,2,2,2,2,2,2,2,2,2,1,1,1,1,1
64,64.0,Serbia,0.81,76.0,14.74,11.19,17191.67,8.0,65.0,1.0,..,..,15.02,100.00,156.40,1.23,5.20,17.30,0.10,66.33,8.43,112.64,8.33,0.45,12.36,31.13,56.10,14.29,SRB,0.722,0.7190000000000001,0.706,0.69,0.6940000000000001,0.6990000000000001,0.703,0.7090000000000001,0.713,0.71,0.716,0.723,0.726,0.732,0.74,0.7490000000000001,0.754,0.758,0.764,0.7659999999999999,0.7659999999999999,0.7759999999999999,0.775,0.778,0.784,0.789,0.795,0.7979999999999999,0.8029999999999999,0.8059999999999999,2,2,2,3,3,3,2,2,2,2,2,2,2,2,2,2,2,2,2,2,2,2,2,2,2,2,2,2,1,1
65,66.0,Mauritius,0.8,74.99,15.06,9.54,25266.21,-10.0,66.0,1.0,0.18,..,0.00,..,193.10,2.92,2.20,12.50,1.30,65.15,5.72,92.81,2.62,0.00,13.68,25.33,34.00,16.20,MUS,0.624,0.63,0.637,0.643,0.647,0.653,0.6559999999999999,0.6609999999999999,0.667,0.672,0.6779999999999999,0.687,0.6920000000000001,0.701,0.708,0.7170000000000001,0.7240000000000001,0.731,0.738,0.745,0.7509999999999999,0.76,0.7709999999999999,0.779,0.789,0.789,0.794,0.797,0.8009999999999999,0.804,3,3,3,3,3,3,3,3,3,3,3,3,3,2,2,2,2,2,2,2,2,2,2,2,2,2,2,2,1,1
66,67.0,Seychelles,0.8,73.4,14.15,9.99,26903.25,-15.0,69.0,2.0,0.02,..,0.00,..,393.80,12.54,2.10,15.00,..,64.36,5.01,155.25,13.87,-2.07,12.51,21.21,36.00,14.49,SYC,,,,,,,,,,,0.7140000000000001,0.71,0.711,0.7140000000000001,0.716,0.732,0.722,0.745,0.75,0.754,0.764,0.767,0.755,0.775,0.775,0.7859999999999999,0.787,0.789,0.79,0.7959999999999999,4,4,4,4,4,4,4,4,4,4,2,2,2,2,2,2,2,2,2,2,2,2,2,2,2,2,2,2,2,2
67,67.0,Trinidad and Tobago,0.8,73.51,12.96,11.03,26230.72,-14.0,67.0,2.0,0.31,..,0.00,21.00,287.70,30.65,4.30,21.90,..,65.18,6.98,..,-2.95,-0.58,12.95,41.68,30.20,17.58,TTO,0.6679999999999999,0.67,0.67,0.672,0.6759999999999999,0.6809999999999999,0.687,0.695,0.6940000000000001,0.713,0.7170000000000001,0.725,0.726,0.74,0.75,0.748,0.763,0.7709999999999999,0.778,0.782,0.784,0.782,0.78,0.7829999999999999,0.785,0.792,0.792,0.795,0.795,0.7959999999999999,3,3,3,3,3,3,3,3,3,2,2,2,2,2,2,2,2,2,2,2,2,2,2,2,2,2,2,2,2,2
68,69.0,Albania,0.8,78.57,14.7,10.15,13998.3,18.0,68.0,2.0,15.03,..,4.69,22.00,184.40,2.29,4.30,7.00,..,68.86,..,76.73,7.91,-4.85,12.28,12.16,28.90,17.57,ALB,0.65,0.631,0.615,0.618,0.624,0.637,0.6459999999999999,0.645,0.655,0.665,0.6709999999999999,0.6779999999999999,0.684,0.691,0.696,0.706,0.713,0.722,0.728,0.733,0.745,0.764,0.775,0.782,0.787,0.7879999999999999,0.7879999999999999,0.79,0.792,0.795,3,3,3,3,3,3,3,3,3,3,3,3,3,3,3,2,2,2,2,2,2,2,2,2,2,2,2,2,2,2
69,70.0,Cuba,0.78,78.8,14.28,11.79,8620.72,45.0,71.0,2.0,6.64,..,1310.28,91.00,..,5.05,4.10,16.40,0.40,68.43,11.71,27.09,..,-1.27,13.01,84.22,53.30,9.16,CUB,0.68,0.674,0.667,0.66,0.6559999999999999,0.659,0.669,0.6729999999999999,0.677,0.684,0.691,0.696,0.698,0.708,0.722,0.7340000000000001,0.7559999999999999,0.772,0.7829999999999999,0.785,0.7809999999999999,0.78,0.769,0.7659999999999999,0.767,0.772,0.773,0.777,0.7809999999999999,0.7829999999999999,3,3,3,3,3,3,3,3,3,3,3,3,3,2,2,2,2,2,2,2,2,2,2,2,2,2,2,2,2,2
70,70.0,Iran (Islamic Republic of),0.78,76.68,14.81,10.35,12446.67,26.0,70.0,2.0,129.68,..,32.60,710.00,293.40,2.50,3.10,4.90,0.10,66.83,8.66,48.78,1.13,-0.68,14.06,15.84,15.60,28.52,IRN,0.565,0.583,0.596,0.607,0.616,0.627,0.634,0.64,0.647,0.652,0.6579999999999999,0.665,0.67,0.677,0.6779999999999999,0.6829999999999999,0.7190000000000001,0.723,0.728,0.7340000000000001,0.742,0.753,0.768,0.7709999999999999,0.774,0.774,0.784,0.787,0.785,0.7829999999999999,3,3,3,3,3,3,3,3,3,3,3,3,3,3,3,3,2,2,2,2,2,2,2,2,2,2,2,2,2,2
71,72.0,Sri Lanka,0.78,76.98,14.11,10.63,12707.37,23.0,73.0,2.0,110.36,27.00,5225.84,300.00,97.50,2.42,6.20,23.30,0.10,66.95,3.81,52.37,1.82,-4.63,13.40,10.04,41.50,21.74,LKA,0.629,0.634,0.639,0.6409999999999999,0.65,0.654,0.659,0.6659999999999999,0.6729999999999999,0.6809999999999999,0.691,0.6970000000000001,0.703,0.7120000000000001,0.7190000000000001,0.725,0.732,0.738,0.746,0.7490000000000001,0.754,0.76,0.7659999999999999,0.769,0.773,0.7759999999999999,0.773,0.775,0.779,0.782,3,3,3,3,3,3,3,3,3,3,3,3,2,2,2,2,2,2,2,2,2,2,2,2,2,2,2,2,2,2
72,73.0,Bosnia and Herzegovina,0.78,77.4,13.8,9.82,14871.81,7.0,76.0,2.0,16.56,99.00,0.00,..,84.10,1.17,2.50,10.60,0.10,66.96,8.93,95.88,2.58,-6.43,13.00,21.62,34.90,16.93,BIH,,,,,,,,,,,0.679,0.684,0.6890000000000001,0.695,0.701,0.706,0.7120000000000001,0.7190000000000001,0.726,0.727,0.721,0.7290000000000001,0.748,0.755,0.758,0.7609999999999999,0.772,0.774,0.777,0.78,4,4,4,4,4,4,4,4,4,4,3,3,3,3,2,2,2,2,2,2,2,2,2,2,2,2,2,2,2,2
73,74.0,Grenada,0.78,72.4,16.87,9.03,15640.89,3.0,74.0,2.0,0.08,..,..,..,414.40,10.82,1.00,2.10,..,64.03,4.76,110.05,13.16,-1.80,12.67,14.07,35.70,16.35,GRD,,,,,,,,,,,,,0.721,0.7290000000000001,0.731,0.7440000000000001,0.745,0.75,0.753,0.75,0.754,0.7559999999999999,0.757,0.76,0.7659999999999999,0.77,0.7709999999999999,0.77,0.773,0.779,4,4,4,4,4,4,4,4,4,4,4,4,2,2,2,2,2,2,2,2,2,2,2,2,2,2,2,2,2,2
74,74.0,Mexico,0.78,75.05,14.81,8.75,19159.84,-8.0,76.0,2.0,14.62,345.00,39.67,..,155.60,29.07,2.30,8.20,0.20,65.36,5.52,78.18,2.30,-0.48,13.59,23.83,9.80,26.55,MEX,0.6559999999999999,0.66,0.664,0.6679999999999999,0.675,0.677,0.6829999999999999,0.6890000000000001,0.695,0.6990000000000001,0.708,0.7120000000000001,0.718,0.722,0.731,0.737,0.745,0.746,0.748,0.748,0.748,0.755,0.759,0.7559999999999999,0.7609999999999999,0.7659999999999999,0.768,0.7709999999999999,0.7759999999999999,0.779,3,3,3,3,3,3,3,3,3,3,2,2,2,2,2,2,2,2,2,2,2,2,2,2,2,2,2,2,2,2
75,74.0,Saint Kitts and Nevis,0.78,74.76,13.85,8.66,25037.51,-17.0,75.0,2.0,0.06,..,0.00,..,423.10,..,..,..,..,63.11,5.04,122.67,9.26,..,12.46,26.76,..,13.87,KNA,,,,,,,,,,,,,,,,0.711,0.718,0.7240000000000001,0.7390000000000001,0.74,0.746,0.7490000000000001,0.745,0.764,0.768,0.768,0.7709999999999999,0.77,0.773,0.779,4,4,4,4,4,4,4,4,4,4,4,4,4,4,4,2,2,2,2,2,2,2,2,2,2,2,2,2,2,2
76,74.0,Ukraine,0.78,72.07,15.07,11.4,13215.94,19.0,78.0,2.0,59.85,730.00,4.03,660.00,128.30,6.18,4.70,34.50,1.00,64.62,7.00,90.17,1.98,0.23,12.48,29.92,74.60,12.98,UKR,0.725,0.721,0.713,0.703,0.69,0.6859999999999999,0.684,0.6859999999999999,0.688,0.69,0.6940000000000001,0.708,0.7170000000000001,0.725,0.732,0.738,0.7440000000000001,0.7509999999999999,0.755,0.7490000000000001,0.755,0.76,0.764,0.767,0.7709999999999999,0.765,0.768,0.7709999999999999,0.774,0.779,2,2,2,2,3,3,3,3,3,3,3,2,2,2,2,2,2,2,2,2,2,2,2,2,2,2,2,2,2,2
77,78.0,Antigua and Barbuda,0.78,77.02,12.77,9.29,20895.36,-15.0,80.0,2.0,0.12,..,0.00,..,317.70,..,0.90,0.00,..,66.62,4.53,90.19,8.39,0.00,12.67,29.56,28.90,12.41,ATG,,,,,,,,,,,,,,,,0.764,0.7709999999999999,0.7759999999999999,0.774,0.767,0.763,0.755,0.759,0.76,0.76,0.762,0.765,0.768,0.772,0.778,4,4,4,4,4,4,4,4,4,4,4,4,4,4,4,2,2,2,2,2,2,2,2,2,2,2,2,2,2,2
78,79.0,Peru,0.78,76.74,14.99,9.7,12252.3,19.0,78.0,2.0,2.77,60.00,190.30,490.00,284.30,7.91,2.70,7.60,0.30,69.90,5.00,47.12,2.92,3.12,12.89,13.05,15.90,17.39,PER,0.613,0.62,0.62,0.625,0.636,0.6459999999999999,0.6509999999999999,0.657,0.667,0.677,0.679,0.687,0.688,0.687,0.6940000000000001,0.6990000000000001,0.6970000000000001,0.7040000000000001,0.715,0.718,0.721,0.7340000000000001,0.742,0.75,0.76,0.759,0.765,0.767,0.7709999999999999,0.777,3,3,3,3,3,3,3,3,3,3,3,3,3,3,3,3,3,2,2,2,2,2,2,2,2,2,2,2,2,2
79,79.0,Thailand,0.78,77.15,15.03,7.94,17781.19,-10.0,80.0,2.0,0.47,41.00,22.95,990.00,527.60,2.58,4.80,21.40,1.10,68.40,3.75,110.30,1.16,0.28,12.78,8.05,..,16.64,THA,0.5770000000000001,0.586,0.5920000000000001,0.6,0.607,0.614,0.622,0.628,0.633,0.643,0.652,0.66,0.669,0.677,0.6859999999999999,0.696,0.6970000000000001,0.7140000000000001,0.718,0.722,0.7240000000000001,0.733,0.737,0.7340000000000001,0.742,0.7490000000000001,0.7559999999999999,0.765,0.772,0.777,3,3,3,3,3,3,3,3,3,3,3,3,3,3,3,3,3,2,2,2,2,2,2,2,2,2,2,2,2,2
80,81.0,Armenia,0.78,75.09,13.07,11.3,13894.01,9.0,72.0,2.0,10.97,8.40,0.00,39.00,76.80,1.69,2.00,10.10,0.20,66.64,10.36,91.43,1.86,-1.70,12.01,44.02,41.60,15.42,ARM,0.654,0.648,0.618,0.617,0.621,0.627,0.634,0.645,0.657,0.664,0.669,0.6729999999999999,0.682,0.691,0.7,0.7120000000000001,0.726,0.741,0.745,0.742,0.747,0.7509999999999999,0.7559999999999999,0.762,0.764,0.768,0.7659999999999999,0.769,0.7709999999999999,0.7759999999999999,3,3,3,3,3,3,3,3,3,3,3,3,3,3,2,2,2,2,2,2,2,2,2,2,2,2,2,2,2,2
81,82.0,North Macedonia,0.77,75.8,13.59,9.81,15864.63,-7.0,82.0,2.0,1.79,0.10,0.00,..,108.30,1.20,3.00,9.70,0.10,65.38,6.06,137.28,3.76,-0.48,12.09,28.74,42.80,14.91,MKD,,,,,,,,,,,0.677,0.6809999999999999,0.688,0.6940000000000001,0.7020000000000001,0.71,0.716,0.721,0.737,0.7390000000000001,0.743,0.747,0.748,0.7509999999999999,0.755,0.7609999999999999,0.765,0.767,0.77,0.774,4,4,4,4,4,4,4,4,4,4,3,3,3,3,2,2,2,2,2,2,2,2,2,2,2,2,2,2,2,2
82,83.0,Colombia,0.77,77.29,14.4,8.47,14256.67,3.0,83.0,2.0,80.69,5576.00,23.87,690.00,234.60,25.34,2.80,11.50,0.40,69.57,7.23,38.09,4.48,4.16,13.25,21.85,17.10,23.30,COL,0.603,0.606,0.617,0.624,0.631,0.637,0.647,0.655,0.662,0.662,0.6659999999999999,0.6679999999999999,0.6709999999999999,0.67,0.684,0.6890000000000001,0.698,0.711,0.718,0.72,0.7290000000000001,0.7340000000000001,0.7390000000000001,0.742,0.753,0.7559999999999999,0.76,0.763,0.764,0.767,3,3,3,3,3,3,3,3,3,3,3,3,3,3,3,3,3,2,2,2,2,2,2,2,2,2,2,2,2,2
83,84.0,Brazil,0.77,75.88,15.41,7.98,14262.93,1.0,84.0,2.0,1.40,..,74.31,..,344.20,27.38,2.80,9.70,0.50,65.20,9.47,28.98,4.27,0.10,14.04,21.64,20.90,20.22,BRA,0.613,0.621,0.627,0.635,0.642,0.6509999999999999,0.6579999999999999,0.665,0.67,0.6759999999999999,0.685,0.691,0.6990000000000001,0.695,0.698,0.7,0.7020000000000001,0.706,0.7170000000000001,0.7190000000000001,0.727,0.731,0.735,0.753,0.7559999999999999,0.7559999999999999,0.758,0.7609999999999999,0.762,0.765,3,3,3,3,3,3,3,3,3,3,3,3,3,3,3,2,2,2,2,2,2,2,2,2,2,2,2,2,2,2
84,85.0,China,0.76,76.91,13.98,8.06,16057.4,-11.0,87.0,2.0,212.89,..,115.90,..,110.40,0.53,8.30,7.90,..,68.53,5.15,35.68,1.09,-0.25,11.69,19.80,43.10,16.43,CHN,0.499,0.507,0.517,0.527,0.534,0.545,0.5539999999999999,0.563,0.5710000000000001,0.579,0.588,0.596,0.606,0.618,0.628,0.64,0.653,0.667,0.6779999999999999,0.687,0.6990000000000001,0.7070000000000001,0.716,0.7240000000000001,0.731,0.7390000000000001,0.746,0.75,0.755,0.7609999999999999,4,4,4,4,4,4,3,3,3,3,3,3,3,3,3,3,3,3,3,3,3,2,2,2,2,2,2,2,2,2
85,86.0,Ecuador,0.76,77.01,14.6,8.91,11043.98,19.0,84.0,2.0,1.66,..,2.92,280.00,219.50,5.80,3.80,10.70,0.40,66.74,8.26,46.74,0.90,2.15,12.62,20.37,13.90,24.26,ECU,0.648,0.65,0.654,0.6579999999999999,0.6629999999999999,0.6659999999999999,0.6679999999999999,0.672,0.675,0.6729999999999999,0.675,0.68,0.684,0.687,0.693,0.698,0.701,0.71,0.7170000000000001,0.7190000000000001,0.726,0.732,0.7509999999999999,0.754,0.7559999999999999,0.764,0.758,0.76,0.762,0.759,3,3,3,3,3,3,3,3,3,3,3,3,3,3,3,3,2,2,2,2,2,2,2,2,2,2,2,2,2,2
86,86.0,Saint Lucia,0.76,76.2,14.0,8.51,14615.57,-4.0,86.0,2.0,0.84,..,0.00,..,291.20,21.44,2.10,12.70,..,65.15,4.55,..,1.94,0.00,13.30,6.41,13.00,14.74,LCA,,,,,,,,,,,0.695,0.691,0.693,0.695,0.695,0.698,0.7120000000000001,0.7140000000000001,0.725,0.728,0.73,0.736,0.73,0.732,0.735,0.747,0.752,0.759,0.758,0.759,4,4,4,4,4,4,4,4,4,4,3,3,3,3,3,3,2,2,2,2,2,2,2,2,2,2,2,2,2,2
87,88.0,Azerbaijan,0.76,73.01,12.89,10.58,13783.68,3.0,88.0,2.0,11.05,351.00,66.52,120.00,219.70,2.20,1.00,4.30,..,63.01,6.65,86.04,3.13,0.12,11.25,34.46,48.20,15.43,AZE,,,,,,0.604,0.605,0.61,0.619,0.629,0.635,0.643,0.6509999999999999,0.659,0.667,0.674,0.701,0.706,0.716,0.727,0.726,0.727,0.73,0.735,0.74,0.7440000000000001,0.7509999999999999,0.754,0.754,0.7559999999999999,4,4,4,4,4,3,3,3,3,3,3,3,3,3,3,3,2,2,2,2,2,2,2,2,2,2,2,2,2,2
88,88.0,Dominican Republic,0.76,74.08,14.22,8.12,17591.07,-18.0,89.0,2.0,0.55,..,196.60,240.00,245.40,10.05,3.20,17.90,0.90,64.22,6.14,52.96,3.18,-2.84,12.26,15.60,15.60,18.92,DOM,0.599,0.603,0.612,0.619,0.624,0.63,0.636,0.643,0.648,0.654,0.659,0.6629999999999999,0.6679999999999999,0.669,0.672,0.6809999999999999,0.688,0.6940000000000001,0.698,0.7,0.706,0.71,0.7140000000000001,0.718,0.73,0.738,0.743,0.746,0.7509999999999999,0.7559999999999999,3,3,3,3,3,3,3,3,3,3,3,3,3,3,3,3,3,3,3,2,2,2,2,2,2,2,2,2,2,2
89,90.0,Moldova (Republic of),0.75,71.9,11.53,11.71,13663.61,2.0,91.0,2.0,2.43,..,0.00,55.00,172.50,4.10,3.80,24.10,0.60,65.15,7.01,85.77,4.96,-0.34,12.35,32.07,56.60,17.92,MDA,0.69,0.68,0.6609999999999999,0.66,0.64,0.638,0.634,0.637,0.637,0.64,0.643,0.6509999999999999,0.6629999999999999,0.6729999999999999,0.684,0.6920000000000001,0.6990000000000001,0.7040000000000001,0.71,0.706,0.713,0.7190000000000001,0.726,0.735,0.737,0.736,0.738,0.743,0.746,0.75,3,3,3,3,3,3,3,3,3,3,3,3,3,3,3,3,3,2,2,2,2,2,2,2,2,2,2,2,2,2
90,91.0,Algeria,0.75,76.88,14.6,7.99,11173.96,13.0,91.0,2.0,4.54,2.50,5.82,450.00,149.20,1.36,1.80,4.90,0.10,66.30,6.37,52.04,0.87,-0.24,12.99,17.19,19.00,24.32,DZA,0.5720000000000001,0.5760000000000001,0.5820000000000001,0.586,0.59,0.595,0.602,0.611,0.621,0.629,0.637,0.647,0.657,0.667,0.677,0.685,0.69,0.7,0.7020000000000001,0.711,0.721,0.728,0.728,0.7290000000000001,0.736,0.74,0.743,0.745,0.746,0.748,3,3,3,3,3,3,3,3,3,3,3,3,3,3,3,3,3,2,2,2,2,2,2,2,2,2,2,2,2,2
91,92.0,Lebanon,0.74,78.93,11.29,8.72,14654.53,-11.0,90.0,2.0,5.82,7.00,0.00,31.00,92.30,2.49,2.20,4.20,0.10,66.04,8.20,63.61,4.79,-4.49,13.84,21.04,27.30,12.48,LBN,,,,,,,,,,,,,,,,0.74,0.7390000000000001,0.7509999999999999,0.757,0.764,0.7659999999999999,0.768,0.759,0.757,0.748,0.7440000000000001,0.741,0.748,0.747,0.7440000000000001,4,4,4,4,4,4,4,4,4,4,4,4,4,4,4,2,2,2,2,2,2,2,2,2,2,2,2,2,2,2
92,93.0,Fiji,0.74,67.44,14.43,10.9,13009.07,1.0,93.0,2.0,0.59,..,0.00,26.00,209.40,2.31,2.50,8.80,..,59.66,3.50,..,5.83,-7.03,12.76,8.60,20.00,28.00,FJI,0.662,0.669,0.672,0.675,0.68,0.6859999999999999,0.688,0.687,0.687,0.6920000000000001,0.695,0.698,0.7,0.7020000000000001,0.7090000000000001,0.705,0.708,0.711,0.7120000000000001,0.715,0.715,0.7190000000000001,0.722,0.728,0.733,0.737,0.738,0.74,0.742,0.743,3,3,3,3,3,3,3,3,3,3,3,3,2,2,2,2,2,2,2,2,2,2,2,2,2,2,2,2,2,2
93,94.0,Dominica,0.74,78.21,12.97,8.14,11883.96,7.0,94.0,2.0,0.05,..,855.58,..,267.60,26.59,..,..,..,63.12,5.88,139.79,2.41,..,12.72,11.19,..,13.08,DMA,,,,,,,,,,,0.703,0.7070000000000001,0.7070000000000001,0.7120000000000001,0.7140000000000001,0.715,0.721,0.725,0.73,0.731,0.74,0.741,0.7390000000000001,0.7390000000000001,0.741,0.7390000000000001,0.74,0.736,0.738,0.742,4,4,4,4,4,4,4,4,4,4,2,2,2,2,2,2,2,2,2,2,2,2,2,2,2,2,2,2,2,2
94,95.0,Maldives,0.74,78.92,12.2,7.02,17416.78,-24.0,98.0,2.0,0.08,..,0.00,..,373.40,0.72,1.60,3.60,..,69.11,9.03,135.74,10.11,22.84,12.59,45.63,43.00,10.16,MDV,,,,,,0.555,0.569,0.584,0.597,0.611,0.622,0.626,0.63,0.644,0.649,0.645,0.659,0.664,0.6729999999999999,0.674,0.685,0.6970000000000001,0.7040000000000001,0.7090000000000001,0.718,0.7240000000000001,0.728,0.731,0.7340000000000001,0.74,4,4,4,4,4,3,3,3,3,3,3,3,3,3,3,3,3,3,3,3,3,3,2,2,2,2,2,2,2,2
95,95.0,Tunisia,0.74,76.7,15.13,7.22,10414.06,14.0,94.0,2.0,2.07,0.00,0.00,110.00,194.60,..,2.20,4.40,0.10,67.44,7.23,110.54,2.49,-0.35,13.23,13.03,21.80,16.87,TUN,0.5670000000000001,0.573,0.581,0.5870000000000001,0.598,0.605,0.614,0.621,0.632,0.643,0.6509999999999999,0.659,0.664,0.6709999999999999,0.6809999999999999,0.688,0.6940000000000001,0.7,0.7070000000000001,0.7090000000000001,0.716,0.718,0.72,0.723,0.726,0.7290000000000001,0.731,0.7340000000000001,0.738,0.74,3,3,3,3,3,3,3,3,3,3,3,3,3,3,3,3,3,2,2,2,2,2,2,2,2,2,2,2,2,2
96,97.0,Saint Vincent and the Grenadines,0.74,72.53,14.09,8.78,12377.65,0.0,96.0,2.0,0.98,..,500.00,..,426.40,36.54,0.90,3.90,..,63.64,4.49,85.20,13.56,-1.82,12.76,6.65,43.20,14.39,VCT,,,,,,,,,,,0.6809999999999999,0.6859999999999999,0.69,0.698,0.701,0.705,0.711,0.715,0.721,0.72,0.718,0.721,0.72,0.723,0.733,0.733,0.7340000000000001,0.7340000000000001,0.736,0.738,4,4,4,4,4,4,4,4,4,4,3,3,3,3,2,2,2,2,2,2,2,2,2,2,2,2,2,2,2,2
97,97.0,Suriname,0.74,71.68,13.19,9.26,14324.38,-13.0,98.0,2.0,0.02,..,..,14.00,192.00,5.43,10.90,36.10,1.40,62.93,6.23,90.96,1.83,-1.75,13.45,12.10,30.00,13.39,SUR,,,,,,,,,,,,,,,0.682,0.6859999999999999,0.691,0.6970000000000001,0.701,0.7070000000000001,0.71,0.7170000000000001,0.7290000000000001,0.7340000000000001,0.735,0.74,0.735,0.732,0.7340000000000001,0.738,4,4,4,4,4,4,4,4,4,4,4,4,4,4,3,3,3,3,2,2,2,2,2,2,2,2,2,2,2,2
98,99.0,Mongolia,0.74,69.87,14.21,10.25,10838.67,7.0,97.0,2.0,2.37,..,0.00,73.00,151.50,6.18,3.80,23.30,0.10,60.44,4.00,125.76,17.64,-0.27,11.23,28.59,80.00,30.38,MNG,0.578,0.573,0.56,0.546,0.5489999999999999,0.5539999999999999,0.56,0.5670000000000001,0.575,0.581,0.588,0.599,0.608,0.621,0.636,0.649,0.659,0.6709999999999999,0.682,0.687,0.696,0.71,0.718,0.727,0.732,0.735,0.7290000000000001,0.728,0.735,0.737,3,3,3,4,4,3,3,3,3,3,3,3,3,3,3,3,3,3,3,3,3,2,2,2,2,2,2,2,2,2
99,100.0,Botswana,0.74,69.59,12.85,9.56,16437.14,-27.0,102.0,2.0,0.23,..,0.00,100.00,197.00,..,5.70,18.30,20.30,54.06,6.13,74.11,1.23,1.34,13.15,5.27,18.00,23.71,BWA,0.573,0.579,0.5770000000000001,0.5760000000000001,0.57,0.5760000000000001,0.575,0.5770000000000001,0.58,0.5820000000000001,0.581,0.5820000000000001,0.579,0.586,0.5920000000000001,0.601,0.615,0.628,0.6409999999999999,0.65,0.6629999999999999,0.677,0.6890000000000001,0.701,0.711,0.7170000000000001,0.72,0.726,0.73,0.735,3,3,3,3,3,3,3,3,3,3,3,3,3,3,3,3,3,3,3,3,3,3,3,2,2,2,2,2,2,2
100,101.0,Jamaica,0.73,74.48,13.14,9.73,9319.13,13.0,98.0,2.0,2.54,..,0.00,48.00,132.00,43.85,0.90,3.20,1.90,66.51,5.99,89.03,4.93,-3.87,12.77,13.06,17.20,24.79,JAM,0.645,0.648,0.655,0.67,0.6709999999999999,0.674,0.677,0.679,0.6779999999999999,0.68,0.6779999999999999,0.6890000000000001,0.6920000000000001,0.687,0.7040000000000001,0.706,0.711,0.7190000000000001,0.737,0.733,0.732,0.731,0.731,0.7290000000000001,0.7290000000000001,0.731,0.731,0.7340000000000001,0.7340000000000001,0.7340000000000001,3,3,3,3,3,3,3,3,3,3,3,3,3,3,2,2,2,2,2,2,2,2,2,2,2,2,2,2,2,2
101,102.0,Jordan,0.73,74.53,11.38,10.52,9858.49,8.0,103.0,2.0,2.40,..,0.00,..,160.40,1.36,2.70,4.70,0.10,67.97,8.12,87.62,2.25,1.05,13.12,23.24,14.70,18.54,JOR,0.625,0.636,0.657,0.6679999999999999,0.679,0.693,0.695,0.6990000000000001,0.7020000000000001,0.706,0.711,0.7170000000000001,0.715,0.72,0.726,0.738,0.741,0.7440000000000001,0.745,0.743,0.737,0.7340000000000001,0.735,0.7290000000000001,0.7290000000000001,0.73,0.7290000000000001,0.726,0.728,0.7290000000000001,3,3,3,3,3,3,3,3,2,2,2,2,2,2,2,2,2,2,2,2,2,2,2,2,2,2,2,2,2,2
102,103.0,Paraguay,0.73,74.25,12.71,8.54,12223.94,-4.0,104.0,2.0,0.09,..,27.54,130.00,210.30,7.14,6.20,12.30,0.50,66.45,6.65,69.16,1.02,-2.40,13.26,13.54,8.30,24.16,PRY,0.598,0.604,0.608,0.615,0.62,0.625,0.632,0.637,0.6409999999999999,0.644,0.643,0.652,0.662,0.66,0.667,0.67,0.67,0.675,0.684,0.6809999999999999,0.696,0.701,0.701,0.7120000000000001,0.715,0.721,0.722,0.726,0.727,0.728,3,3,3,3,3,3,3,3,3,3,3,3,3,3,3,3,3,3,3,3,3,2,2,2,2,2,2,2,2,2
103,104.0,Tonga,0.73,70.91,14.41,11.24,6364.58,25.0,105.0,2.0,0.03,..,0.00,..,174.30,..,2.90,5.20,..,63.91,5.27,98.22,3.34,-7.75,12.43,5.40,..,21.63,TON,0.654,0.659,0.6609999999999999,0.665,0.672,0.675,0.675,0.675,0.6779999999999999,0.679,0.675,0.679,0.684,0.693,0.682,0.682,0.6829999999999999,0.6859999999999999,0.688,0.693,0.6990000000000001,0.7040000000000001,0.708,0.708,0.7070000000000001,0.72,0.722,0.723,0.723,0.725,3,3,3,3,3,3,3,3,3,3,3,3,3,3,3,3,3,3,3,3,3,2,2,2,2,2,2,2,2,2
104,105.0,Libya,0.72,72.91,12.85,7.6,15687.71,-29.0,106.0,2.0,16.04,451.00,0.00,99.00,97.20,..,2.30,8.70,0.20,65.32,..,118.32,0.00,-0.30,13.98,20.91,32.00,..,LBY,0.7240000000000001,0.7340000000000001,0.74,0.7440000000000001,0.75,0.754,0.76,0.767,0.77,0.775,0.78,0.785,0.79,0.797,0.7979999999999999,0.8,0.8,0.8,0.8,0.799,0.7979999999999999,0.764,0.789,0.7609999999999999,0.728,0.6970000000000001,0.687,0.7140000000000001,0.721,0.7240000000000001,2,2,2,2,2,2,2,2,2,2,2,2,2,2,2,1,1,1,1,2,2,2,2,2,2,3,3,2,2,2
105,106.0,Uzbekistan,0.72,71.73,12.06,11.81,7141.95,17.0,107.0,2.0,3.23,..,0.00,520.00,144.30,1.14,4.60,10.30,0.20,60.88,6.41,73.02,3.95,-0.28,11.05,23.74,39.80,21.51,UZB,,,,,,,,,,,0.599,0.607,0.614,0.619,0.626,0.633,0.637,0.649,0.653,0.66,0.669,0.6759999999999999,0.685,0.6920000000000001,0.696,0.701,0.705,0.713,0.7170000000000001,0.72,4,4,4,4,4,4,4,4,4,4,3,3,3,3,3,3,3,3,3,3,3,3,3,3,3,2,2,2,2,2
106,107.0,Bolivia (Plurinational State of),0.72,71.51,14.2,9.02,8553.78,9.0,108.0,2.0,0.52,0.00,43.32,280.00,160.30,6.22,8.90,16.90,0.30,63.11,6.44,56.40,-0.39,-0.84,12.37,15.90,12.90,17.80,BOL,0.551,0.5589999999999999,0.5660000000000001,0.573,0.581,0.589,0.595,0.598,0.61,0.619,0.627,0.63,0.637,0.64,0.6409999999999999,0.643,0.649,0.649,0.6579999999999999,0.6629999999999999,0.667,0.6709999999999999,0.675,0.684,0.69,0.6970000000000001,0.7020000000000001,0.71,0.7140000000000001,0.718,3,3,3,3,3,3,3,3,3,3,3,3,3,3,3,3,3,3,3,3,3,3,3,3,3,3,2,2,2,2
107,107.0,Indonesia,0.72,71.72,13.61,8.17,11459.1,-4.0,110.0,2.0,11.09,40.00,40.38,..,95.70,0.43,2.20,5.20,0.40,62.55,2.99,37.30,2.20,-0.37,12.38,4.27,10.40,17.03,IDN,0.523,0.529,0.534,0.541,0.55,0.56,0.573,0.5870000000000001,0.586,0.594,0.603,0.609,0.615,0.622,0.628,0.632,0.642,0.643,0.647,0.6579999999999999,0.665,0.6729999999999999,0.6809999999999999,0.687,0.69,0.695,0.703,0.7070000000000001,0.7120000000000001,0.718,4,4,4,4,3,3,3,3,3,3,3,3,3,3,3,3,3,3,3,3,3,3,3,3,3,3,2,2,2,2
108,107.0,Philippines,0.72,71.23,13.15,9.39,9777.8,4.0,111.0,2.0,0.54,182.00,393.91,2620.00,182.50,6.46,2.30,5.20,0.10,62.73,4.45,68.61,2.03,-0.63,12.68,6.00,9.90,29.08,PHL,0.593,0.595,0.598,0.601,0.605,0.609,0.617,0.621,0.626,0.63,0.632,0.633,0.638,0.642,0.652,0.654,0.6559999999999999,0.662,0.6659999999999999,0.665,0.6709999999999999,0.6759999999999999,0.684,0.691,0.696,0.701,0.7040000000000001,0.708,0.711,0.718,3,3,3,3,3,3,3,3,3,3,3,3,3,3,3,3,3,3,3,3,3,3,3,3,3,2,2,2,2,2
109,110.0,Belize,0.72,74.62,13.11,9.92,6381.6,18.0,108.0,2.0,0.07,..,..,..,344.90,37.79,2.00,9.90,1.90,65.06,5.64,115.71,6.39,3.16,12.63,11.23,10.40,19.78,BLZ,0.61,0.614,0.621,0.624,0.623,0.624,0.624,0.626,0.628,0.633,0.64,0.644,0.6509999999999999,0.659,0.665,0.662,0.672,0.674,0.679,0.684,0.695,0.6940000000000001,0.701,0.7020000000000001,0.705,0.71,0.7170000000000001,0.7140000000000001,0.7140000000000001,0.716,3,3,3,3,3,3,3,3,3,3,3,3,3,3,3,3,3,3,3,3,3,3,2,2,2,2,2,2,2,2
110,111.0,Samoa,0.72,73.32,12.73,10.78,6308.65,19.0,113.0,2.0,0.00,..,0.00,..,205.10,3.15,2.20,8.70,..,61.82,5.48,91.12,2.04,-14.30,12.30,3.45,10.00,30.24,WSM,0.633,0.634,0.634,0.639,0.618,0.624,0.633,0.635,0.6409999999999999,0.6459999999999999,0.6509999999999999,0.659,0.659,0.665,0.6729999999999999,0.677,0.68,0.6859999999999999,0.687,0.691,0.698,0.701,0.698,0.7,0.703,0.7070000000000001,0.71,0.71,0.7090000000000001,0.715,3,3,3,3,3,3,3,3,3,3,3,3,3,3,3,3,3,3,3,3,3,2,3,2,2,2,2,2,2,2
111,111.0,Turkmenistan,0.72,68.19,11.19,10.27,14908.67,-32.0,112.0,2.0,0.48,..,0.00,..,528.90,..,3.70,11.00,..,62.87,6.93,35.16,4.87,-0.86,11.21,22.25,40.30,..,TKM,,,,,,,,,,,,,,,,,,,,,0.6659999999999999,0.6729999999999999,0.679,0.685,0.6890000000000001,0.6940000000000001,0.6990000000000001,0.701,0.71,0.715,4,4,4,4,4,4,4,4,4,4,4,4,4,4,4,4,4,4,4,4,3,3,3,3,3,3,3,2,2,2
112,113.0,Venezuela (Bolivarian Republic of),0.71,72.06,12.82,10.31,7044.64,11.0,101.0,2.0,93.29,..,6.23,560.00,194.20,36.69,1.20,6.60,..,65.44,1.18,48.09,0.24,-22.33,12.81,..,8.70,..,VEN,0.644,0.654,0.66,0.662,0.662,0.6659999999999999,0.6679999999999999,0.67,0.672,0.674,0.6759999999999999,0.684,0.6920000000000001,0.6920000000000001,0.7040000000000001,0.718,0.731,0.748,0.757,0.7559999999999999,0.757,0.769,0.772,0.777,0.775,0.769,0.759,0.743,0.733,0.711,3,3,3,3,3,3,3,3,3,3,3,3,3,3,2,2,2,2,2,2,2,2,2,2,2,2,2,2,2,2
113,114.0,South Africa,0.71,64.13,13.79,10.24,12129.23,-14.0,115.0,2.0,0.45,0.30,15.84,3270.00,284.00,36.40,5.10,21.70,20.40,56.18,8.11,59.20,1.32,2.54,13.77,9.05,23.00,30.33,ZAF,0.627,0.634,0.642,0.648,0.65,0.653,0.65,0.6459999999999999,0.64,0.635,0.631,0.611,0.619,0.619,0.619,0.622,0.626,0.632,0.6459999999999999,0.655,0.664,0.665,0.675,0.685,0.693,0.701,0.703,0.705,0.7070000000000001,0.7090000000000001,3,3,3,3,3,3,3,3,3,3,3,3,3,3,3,3,3,3,3,3,3,3,3,3,3,2,2,2,2,2
114,115.0,"Palestine, State of",0.71,74.05,13.41,9.17,6417.39,12.0,114.0,2.0,96.34,243.00,10.22,..,22.20,0.49,..,..,..,64.42,..,79.60,1.80,-2.19,13.89,..,..,24.45,PSE,,,,,,,,,,,,,,,0.6509999999999999,0.659,0.659,0.669,0.674,0.679,0.684,0.6920000000000001,0.698,0.695,0.6970000000000001,0.701,0.7040000000000001,0.706,0.708,0.708,4,4,4,4,4,4,4,4,4,4,4,4,4,4,3,3,3,3,3,3,3,3,3,3,3,2,2,2,2,2
115,116.0,Egypt,0.71,71.99,13.33,7.43,11466.15,-14.0,117.0,2.0,27.52,65.00,0.00,1760.00,112.20,..,1.70,7.20,0.10,62.47,5.29,48.28,2.97,-0.39,11.98,4.52,14.30,23.68,EGY,0.5479999999999999,0.552,0.5589999999999999,0.564,0.5710000000000001,0.578,0.585,0.5920000000000001,0.594,0.607,0.613,0.618,0.622,0.625,0.631,0.637,0.645,0.653,0.66,0.662,0.6679999999999999,0.6709999999999999,0.677,0.6829999999999999,0.685,0.691,0.696,0.698,0.701,0.7070000000000001,4,3,3,3,3,3,3,3,3,3,3,3,3,3,3,3,3,3,3,3,3,3,3,3,3,3,3,3,2,2
116,117.0,Marshall Islands,0.7,74.11,12.39,10.89,5039.04,21.0,116.0,2.0,0.01,..,0.00,..,61.40,..,..,..,..,57.38,16.40,125.73,4.41,..,12.39,4.23,..,..,MHL,,,,,,,,,,,,,,,,,,,,,,,,,,,,0.6990000000000001,0.7020000000000001,0.7040000000000001,4,4,4,4,4,4,4,4,4,4,4,4,4,4,4,4,4,4,4,4,4,4,4,4,4,4,4,3,2,2
117,117.0,Viet Nam,0.7,75.4,12.69,8.32,7432.71,3.0,118.0,2.0,316.44,..,414.76,1330.00,137.40,..,3.40,10.80,0.30,65.74,5.53,210.40,6.32,-0.84,11.71,8.28,31.80,20.28,VNM,0.483,0.493,0.504,0.514,0.525,0.537,0.5479999999999999,0.547,0.5670000000000001,0.574,0.586,0.594,0.602,0.611,0.62,0.624,0.632,0.64,0.647,0.659,0.6609999999999999,0.6709999999999999,0.6759999999999999,0.6809999999999999,0.6829999999999999,0.688,0.693,0.696,0.7,0.7040000000000001,4,4,4,4,4,4,4,4,3,3,3,3,3,3,3,3,3,3,3,3,3,3,3,3,3,3,3,3,2,2
118,119.0,Gabon,0.7,66.47,12.98,8.7,13929.81,-30.0,119.0,2.0,0.44,..,38.76,80.00,173.20,..,4.30,15.00,3.80,58.82,2.78,72.94,5.02,1.56,13.26,6.82,13.00,24.53,GAB,0.613,0.618,0.617,0.619,0.622,0.624,0.626,0.628,0.63,0.625,0.621,0.624,0.626,0.627,0.626,0.632,0.632,0.637,0.639,0.6459999999999999,0.652,0.657,0.6659999999999999,0.6729999999999999,0.682,0.685,0.69,0.6940000000000001,0.6970000000000001,0.703,3,3,3,3,3,3,3,3,3,3,3,3,3,3,3,3,3,3,3,3,3,3,3,3,3,3,3,3,3,2
119,120.0,Kyrgyzstan,0.7,71.45,12.97,11.1,4864.39,23.0,120.0,3.0,2.97,..,82.98,140.00,177.10,2.19,3.70,14.80,0.20,64.93,6.19,103.09,1.74,-0.64,11.56,22.13,44.10,24.99,KGZ,0.64,0.634,0.625,0.612,0.595,0.589,0.594,0.601,0.606,0.613,0.62,0.628,0.63,0.637,0.64,0.642,0.647,0.654,0.6559999999999999,0.6609999999999999,0.662,0.664,0.674,0.68,0.6859999999999999,0.69,0.691,0.6940000000000001,0.696,0.6970000000000001,3,3,3,3,3,3,3,3,3,3,3,3,3,3,3,3,3,3,3,3,3,3,3,3,3,3,3,3,3,3
120,121.0,Morocco,0.69,76.68,13.72,5.65,7368.36,1.0,121.0,3.0,4.65,..,0.00,350.00,232.50,1.42,3.60,2.50,0.10,63.83,5.25,87.46,1.35,-1.44,12.98,7.31,10.00,26.80,MAR,0.457,0.46299999999999997,0.467,0.473,0.484,0.48700000000000004,0.498,0.502,0.509,0.519,0.529,0.541,0.551,0.562,0.5720000000000001,0.58,0.586,0.594,0.602,0.608,0.616,0.626,0.635,0.644,0.652,0.6579999999999999,0.667,0.6729999999999999,0.68,0.6859999999999999,4,4,4,4,4,4,4,4,4,4,4,4,3,3,3,3,3,3,3,3,3,3,3,3,3,3,3,3,3,3
121,122.0,Guyana,0.68,69.91,11.43,8.49,9455.01,-10.0,121.0,3.0,0.29,..,0.00,24.00,275.20,14.25,14.20,46.60,1.40,58.37,4.95,79.08,30.43,-7.72,13.28,8.02,17.10,23.16,GUY,0.5479999999999999,0.544,0.5589999999999999,0.5720000000000001,0.5820000000000001,0.588,0.598,0.603,0.607,0.611,0.616,0.619,0.622,0.618,0.625,0.629,0.63,0.634,0.638,0.6409999999999999,0.649,0.6579999999999999,0.662,0.6659999999999999,0.6709999999999999,0.674,0.6759999999999999,0.677,0.68,0.682,4,4,3,3,3,3,3,3,3,3,3,3,3,3,3,3,3,3,3,3,3,3,3,3,3,3,3,3,3,3
122,123.0,Iraq,0.67,70.6,11.27,7.32,10800.84,-16.0,123.0,3.0,343.85,1555.00,5.31,..,105.00,10.07,3.40,4.70,..,63.38,4.17,76.37,-1.29,0.21,13.49,7.08,13.20,16.96,IRQ,0.56,0.512,0.527,0.5479999999999999,0.5479999999999999,0.539,0.56,0.569,0.583,0.591,0.595,0.601,0.603,0.589,0.615,0.617,0.62,0.623,0.63,0.632,0.636,0.642,0.6459999999999999,0.6459999999999999,0.645,0.649,0.6559999999999999,0.667,0.6709999999999999,0.674,3,4,4,4,4,4,3,3,3,3,3,3,3,3,3,3,3,3,3,3,3,3,3,3,3,3,3,3,3,3
123,124.0,El Salvador,0.67,73.32,11.69,6.91,8359.12,-6.0,124.0,3.0,41.85,..,257.59,170.00,617.40,52.02,4.30,24.80,0.60,65.53,7.23,77.18,2.68,-6.33,13.45,15.66,12.00,26.89,SLV,0.536,0.54,0.552,0.562,0.5710000000000001,0.58,0.588,0.597,0.606,0.608,0.615,0.62,0.627,0.633,0.639,0.6459999999999999,0.653,0.652,0.655,0.6559999999999999,0.6679999999999999,0.664,0.669,0.67,0.6679999999999999,0.6679999999999999,0.6709999999999999,0.6709999999999999,0.67,0.6729999999999999,4,4,3,3,3,3,3,3,3,3,3,3,3,3,3,3,3,3,3,3,3,3,3,3,3,3,3,3,3,3
124,125.0,Tajikistan,0.67,71.1,11.66,10.73,3953.6,25.0,126.0,3.0,2.00,..,17.09,180.00,..,..,1.70,5.00,0.20,61.84,7.23,56.64,2.62,-2.22,11.10,21.03,46.70,22.30,TJK,0.617,0.612,0.5920000000000001,0.575,0.556,0.5489999999999999,0.535,0.54,0.544,0.5479999999999999,0.555,0.564,0.573,0.588,0.6,0.607,0.617,0.621,0.639,0.633,0.638,0.636,0.643,0.653,0.652,0.652,0.653,0.657,0.6609999999999999,0.6679999999999999,3,3,3,3,3,4,4,4,4,4,3,3,3,3,3,3,3,3,3,3,3,3,3,3,3,3,3,3,3,3
125,126.0,Cabo Verde,0.67,72.98,12.7,6.29,7019.17,-1.0,125.0,3.0,0.01,..,0.00,8.40,288.10,6.80,7.70,24.10,0.60,64.62,5.17,116.21,5.31,-2.48,12.37,7.81,21.00,21.07,CPV,,,,,,,,,,,0.569,0.573,0.583,0.588,0.59,0.596,0.611,0.617,0.625,0.63,0.632,0.639,0.644,0.647,0.654,0.6559999999999999,0.657,0.66,0.6629999999999999,0.665,4,4,4,4,4,4,4,4,4,4,3,3,3,3,3,3,3,3,3,3,3,3,3,3,3,3,3,3,3,3
126,127.0,Guatemala,0.66,74.3,10.75,6.62,8494.09,-10.0,128.0,3.0,22.77,242.00,353.49,410.00,140.90,22.50,1.70,4.40,0.40,62.91,5.81,45.87,1.26,-0.54,13.32,3.55,4.40,20.26,GTM,0.48100000000000004,0.48700000000000004,0.493,0.499,0.504,0.511,0.518,0.526,0.534,0.542,0.5489999999999999,0.557,0.563,0.5670000000000001,0.5710000000000001,0.574,0.583,0.5920000000000001,0.597,0.601,0.606,0.612,0.618,0.621,0.648,0.652,0.653,0.655,0.657,0.6629999999999999,4,4,4,4,4,4,4,4,4,4,4,3,3,3,3,3,3,3,3,3,3,3,3,3,3,3,3,3,3,3
127,128.0,Nicaragua,0.66,74.49,12.32,6.91,5283.66,6.0,127.0,3.0,4.38,..,2.22,110.00,323.50,7.19,5.00,19.20,0.20,65.78,8.65,95.08,2.75,-3.31,12.74,9.78,9.30,30.22,NIC,0.49700000000000005,0.506,0.513,0.516,0.521,0.531,0.541,0.55,0.5589999999999999,0.568,0.5770000000000001,0.583,0.589,0.5920000000000001,0.597,0.601,0.605,0.611,0.616,0.617,0.622,0.628,0.633,0.639,0.649,0.652,0.657,0.6609999999999999,0.659,0.66,4,4,4,4,4,4,4,3,3,3,3,3,3,3,3,3,3,3,3,3,3,3,3,3,3,3,3,3,3,3
128,129.0,Bhutan,0.65,71.78,12.98,4.07,10745.84,-21.0,131.0,3.0,6.99,..,0.00,..,155.60,1.19,8.90,13.80,0.30,63.23,3.19,86.71,0.11,0.43,13.58,4.24,17.40,34.67,BTN,,,,,,,,,,,,,,,,0.52,0.526,0.542,0.551,0.561,0.574,0.585,0.597,0.61,0.618,0.628,0.637,0.6459999999999999,0.649,0.654,4,4,4,4,4,4,4,4,4,4,4,4,4,4,4,4,4,4,3,3,3,3,3,3,3,3,3,3,3,3
129,130.0,Namibia,0.65,63.71,12.63,6.99,9356.67,-17.0,129.0,3.0,0.46,..,..,140.00,313.80,..,4.90,19.40,11.80,56.77,8.55,83.48,-0.10,-1.98,12.96,4.18,27.00,25.09,NAM,0.581,0.583,0.5870000000000001,0.5870000000000001,0.5870000000000001,0.5820000000000001,0.573,0.564,0.557,0.547,0.544,0.5429999999999999,0.541,0.5429999999999999,0.545,0.545,0.551,0.5589999999999999,0.5670000000000001,0.5760000000000001,0.589,0.602,0.613,0.624,0.631,0.638,0.639,0.644,0.645,0.6459999999999999,3,3,3,3,3,3,3,3,3,4,4,4,4,4,4,4,3,3,3,3,3,3,3,3,3,3,3,3,3,3
130,131.0,India,0.65,69.66,12.16,6.5,6681.35,-5.0,130.0,3.0,11.99,470.00,296.65,..,32.70,3.08,14.50,18.50,..,60.52,3.53,40.02,1.76,-0.40,14.48,8.57,5.30,32.75,IND,0.429,0.433,0.44,0.446,0.45299999999999996,0.461,0.46799999999999997,0.474,0.48100000000000004,0.489,0.495,0.499,0.506,0.518,0.527,0.536,0.546,0.555,0.563,0.569,0.579,0.588,0.597,0.604,0.616,0.624,0.63,0.64,0.642,0.645,4,4,4,4,4,4,4,4,4,4,4,4,4,4,4,4,4,3,3,3,3,3,3,3,3,3,3,3,3,3
131,132.0,Honduras,0.63,75.27,10.06,6.57,5308.45,1.0,132.0,3.0,26.37,247.00,81.71,200.00,216.20,38.93,1.70,5.30,0.30,63.02,7.86,96.61,3.81,-0.72,12.55,3.09,6.40,25.60,HND,0.519,0.518,0.523,0.53,0.534,0.54,0.545,0.551,0.556,0.56,0.5660000000000001,0.57,0.575,0.58,0.586,0.593,0.599,0.607,0.603,0.605,0.61,0.613,0.612,0.613,0.616,0.618,0.626,0.63,0.633,0.634,4,4,4,4,4,4,4,3,3,3,3,3,3,3,3,3,3,3,3,3,3,3,3,3,3,3,3,3,3,3
132,133.0,Bangladesh,0.63,72.59,11.6,6.22,4976.21,7.0,134.0,3.0,22.87,427.00,116.51,..,51.60,2.37,6.70,5.50,0.10,64.53,2.27,36.76,0.53,-2.30,13.44,5.81,7.90,30.05,BGD,0.39399999999999996,0.401,0.41,0.418,0.426,0.434,0.44299999999999995,0.452,0.461,0.469,0.478,0.486,0.49200000000000005,0.499,0.506,0.514,0.521,0.528,0.531,0.5429999999999999,0.557,0.5660000000000001,0.575,0.579,0.579,0.595,0.606,0.616,0.625,0.632,4,4,4,4,4,4,4,4,4,4,4,4,4,4,4,4,4,4,4,4,3,3,3,3,3,3,3,3,3,3
133,134.0,Kiribati,0.63,68.37,11.8,7.98,4259.73,12.0,133.0,3.0,0.00,..,0.00,..,114.20,..,5.40,25.90,..,53.54,10.76,98.39,-0.58,-6.94,11.87,2.04,18.60,25.49,KIR,,,,,,,,,,,0.5529999999999999,0.569,0.569,0.574,0.5720000000000001,0.589,0.586,0.5870000000000001,0.59,0.588,0.593,0.591,0.6,0.608,0.617,0.625,0.622,0.627,0.628,0.63,4,4,4,4,4,4,4,4,4,4,3,3,3,3,3,3,3,3,3,3,3,3,3,3,3,3,3,3,3,3
134,135.0,Sao Tome and Principe,0.63,70.39,12.69,6.44,3952.07,16.0,135.0,3.0,0.03,..,..,..,119.90,..,2.10,4.20,..,62.28,6.23,..,5.61,-8.03,12.20,0.53,29.00,31.16,STP,0.452,0.45399999999999996,0.457,0.46,0.465,0.469,0.475,0.479,0.485,0.49200000000000005,0.498,0.506,0.511,0.519,0.526,0.5329999999999999,0.5429999999999999,0.5479999999999999,0.546,0.556,0.561,0.568,0.573,0.5820000000000001,0.591,0.604,0.608,0.619,0.624,0.625,4,4,4,4,4,4,4,4,4,4,4,4,4,4,4,4,4,4,4,3,3,3,3,3,3,3,3,3,3,3
135,136.0,Micronesia (Federated States of),0.62,67.88,11.55,7.8,3982.74,13.0,136.0,3.0,..,..,0.00,..,123.40,..,6.20,16.20,..,56.68,12.35,100.85,6.33,-5.36,11.62,1.77,..,19.71,FSM,,,,,,,,,,,0.546,0.5529999999999999,0.5589999999999999,0.565,0.57,0.5770000000000001,0.583,0.589,0.593,0.596,0.601,0.604,0.605,0.605,0.604,0.612,0.614,0.616,0.618,0.62,4,4,4,4,4,4,4,4,4,4,4,3,3,3,3,3,3,3,3,3,3,3,3,3,3,3,3,3,3,3
136,137.0,Lao People's Democratic Republic,0.61,67.92,10.99,5.29,7413.33,-16.0,137.0,3.0,6.75,..,0.62,180.00,121.70,..,6.10,12.90,0.30,60.71,2.53,75.09,7.35,-2.10,11.98,3.73,15.00,22.34,LAO,0.405,0.41,0.415,0.42100000000000004,0.43,0.43200000000000005,0.445,0.45299999999999996,0.46,0.467,0.47100000000000003,0.47700000000000004,0.486,0.494,0.503,0.512,0.514,0.527,0.535,0.545,0.552,0.565,0.575,0.5820000000000001,0.589,0.598,0.605,0.608,0.609,0.613,4,4,4,4,4,4,4,4,4,4,4,4,4,4,4,4,4,4,4,4,3,3,3,3,3,3,3,3,3,3
137,138.0,Eswatini (Kingdom of),0.61,60.19,11.84,6.86,7919.06,-19.0,139.0,3.0,0.22,..,0.00,120.00,304.00,11.56,9.60,25.40,27.30,50.61,6.93,84.41,2.90,-7.38,13.13,3.29,21.00,26.60,SWZ,0.541,0.542,0.539,0.534,0.527,0.523,0.515,0.503,0.49,0.479,0.465,0.45399999999999996,0.442,0.43700000000000006,0.445,0.456,0.469,0.478,0.48700000000000004,0.498,0.51,0.524,0.539,0.5539999999999999,0.568,0.581,0.588,0.597,0.605,0.611,4,4,4,4,4,4,4,4,4,4,4,4,4,4,4,4,4,4,4,4,4,4,4,3,3,3,3,3,3,3
138,138.0,Ghana,0.61,64.07,11.48,7.31,5268.92,-3.0,138.0,3.0,18.44,0.20,16.68,1080.00,48.60,2.09,2.90,15.80,1.70,58.22,3.26,71.38,4.56,-0.34,12.20,1.36,9.00,26.99,GHA,0.465,0.47,0.474,0.478,0.48,0.483,0.484,0.486,0.48700000000000004,0.489,0.494,0.493,0.499,0.5,0.509,0.52,0.529,0.541,0.5529999999999999,0.5579999999999999,0.565,0.574,0.5770000000000001,0.586,0.59,0.59,0.598,0.602,0.606,0.611,4,4,4,4,4,4,4,4,4,4,4,4,4,4,4,4,4,4,3,3,3,3,3,3,3,3,3,3,3,3
139,140.0,Vanuatu,0.61,70.47,11.73,7.06,3104.8,20.0,140.0,3.0,0.00,..,0.00,..,69.10,..,2.70,8.10,..,57.60,3.32,97.95,4.15,0.42,12.00,1.65,..,26.57,VUT,,,,,,,,,,,,,,,,0.574,0.58,0.583,0.589,0.589,0.59,0.591,0.591,0.593,0.594,0.598,0.598,0.601,0.603,0.609,4,4,4,4,4,4,4,4,4,4,4,4,4,4,4,3,3,3,3,3,3,3,3,3,3,3,3,3,3,3
140,141.0,Timor-Leste,0.61,69.5,12.62,4.79,4440.46,3.0,141.0,3.0,0.02,..,154.30,31.00,54.80,4.10,3.70,9.00,..,61.65,3.88,63.01,4.46,-4.28,12.68,7.22,59.00,26.95,TLS,,,,,,,,,,,0.484,0.49200000000000005,0.503,0.504,0.518,0.537,0.563,0.585,0.616,0.611,0.628,0.644,0.639,0.63,0.62,0.61,0.598,0.599,0.599,0.606,4,4,4,4,4,4,4,4,4,4,4,4,4,4,4,4,3,3,3,3,3,3,3,3,3,3,3,3,3,3
141,142.0,Nepal,0.6,70.78,12.76,5.01,3456.71,13.0,143.0,3.0,8.19,0.00,14.36,590.00,68.30,2.30,8.00,11.40,0.10,61.51,5.55,54.93,0.23,1.49,13.46,7.49,3.00,19.74,NPL,0.387,0.395,0.402,0.40700000000000003,0.414,0.419,0.428,0.435,0.44,0.447,0.45299999999999996,0.45399999999999996,0.46399999999999997,0.47,0.47600000000000003,0.48200000000000004,0.493,0.498,0.509,0.522,0.537,0.545,0.5589999999999999,0.568,0.5760000000000001,0.583,0.586,0.588,0.596,0.602,4,4,4,4,4,4,4,4,4,4,4,4,4,4,4,4,4,4,4,4,4,4,3,3,3,3,3,3,3,3
142,143.0,Kenya,0.6,66.7,11.34,6.56,4243.63,5.0,141.0,3.0,8.02,162.00,11.91,2080.00,101.60,4.93,2.10,9.70,4.70,58.25,4.80,33.40,1.85,-0.20,12.42,1.57,14.00,30.65,KEN,0.48200000000000004,0.48,0.47600000000000003,0.47200000000000003,0.469,0.46799999999999997,0.467,0.46399999999999997,0.46299999999999997,0.462,0.461,0.465,0.465,0.478,0.49,0.5,0.515,0.523,0.532,0.541,0.551,0.5589999999999999,0.5660000000000001,0.573,0.58,0.5870000000000001,0.591,0.595,0.599,0.601,4,4,4,4,4,4,4,4,4,4,4,4,4,4,4,4,4,4,4,4,3,3,3,3,3,3,3,3,3,3
143,144.0,Cambodia,0.59,69.82,11.47,4.97,4246.18,3.0,144.0,3.0,11.93,..,344.81,420.00,190.80,..,3.20,9.00,0.50,61.20,5.92,123.56,13.68,-1.86,12.44,1.93,9.00,41.70,KHM,0.368,0.37200000000000005,0.377,0.381,0.385,0.391,0.396,0.401,0.406,0.41100000000000003,0.424,0.43799999999999994,0.457,0.47,0.48200000000000004,0.494,0.506,0.52,0.525,0.528,0.539,0.546,0.552,0.5589999999999999,0.565,0.57,0.5760000000000001,0.5820000000000001,0.585,0.594,4,4,4,4,4,4,4,4,4,4,4,4,4,4,4,4,4,4,4,4,4,4,3,3,3,3,3,3,3,3
144,145.0,Equatorial Guinea,0.59,58.74,9.73,5.91,13944.13,-57.0,145.0,3.0,0.17,..,..,69.00,42.80,..,10.80,31.30,7.10,57.21,3.11,107.38,2.98,12.44,13.29,4.02,21.00,23.23,GNQ,,,,,,,,,,,0.525,0.534,0.546,0.547,0.5539999999999999,0.565,0.5760000000000001,0.5820000000000001,0.583,0.585,0.5760000000000001,0.58,0.584,0.585,0.586,0.589,0.588,0.584,0.5820000000000001,0.5920000000000001,4,4,4,4,4,4,4,4,4,4,4,4,4,4,3,3,3,3,3,3,3,3,3,3,3,3,3,3,3,3
145,146.0,Zambia,0.58,63.89,11.48,7.15,3325.52,10.0,145.0,3.0,0.28,..,118.57,1100.00,148.30,5.37,6.20,17.50,11.30,55.08,4.47,70.04,2.09,-0.47,12.82,11.87,20.00,42.06,ZMB,0.42100000000000004,0.41700000000000004,0.41600000000000004,0.419,0.414,0.415,0.41600000000000004,0.41600000000000004,0.41600000000000004,0.42,0.425,0.43200000000000005,0.441,0.451,0.46,0.47100000000000003,0.48200000000000004,0.488,0.503,0.517,0.527,0.534,0.5489999999999999,0.557,0.561,0.569,0.5710000000000001,0.578,0.5820000000000001,0.584,4,4,4,4,4,4,4,4,4,4,4,4,4,4,4,4,4,4,4,4,4,4,4,3,3,3,3,3,3,3
146,147.0,Myanmar,0.58,67.13,10.67,5.03,4960.53,-6.0,148.0,3.0,1030.77,457.00,31.74,1400.00,171.30,2.26,9.80,6.30,0.80,60.85,4.66,60.69,1.70,-3.05,12.40,6.77,10.40,24.36,MMR,0.342,0.349,0.363,0.369,0.376,0.38,0.387,0.392,0.396,0.40399999999999997,0.414,0.423,0.43200000000000005,0.442,0.452,0.461,0.47100000000000003,0.48200000000000004,0.493,0.504,0.515,0.526,0.5329999999999999,0.5429999999999999,0.55,0.557,0.563,0.5720000000000001,0.579,0.583,4,4,4,4,4,4,4,4,4,4,4,4,4,4,4,4,4,4,4,4,4,4,4,4,3,3,3,3,3,3
147,148.0,Angola,0.58,61.15,11.78,5.17,6104.05,-17.0,145.0,3.0,8.19,..,334.57,1520.00,79.40,..,4.60,14.00,2.00,56.75,2.79,66.38,-4.33,0.21,12.80,2.15,..,50.03,AGO,,,,,,,,,,0.391,0.4,0.41,0.426,0.435,0.446,0.46,0.473,0.489,0.501,0.515,0.517,0.5329999999999999,0.544,0.555,0.565,0.5720000000000001,0.578,0.5820000000000001,0.5820000000000001,0.581,4,4,4,4,4,4,4,4,4,4,4,4,4,4,4,4,4,4,4,4,4,4,4,3,3,3,3,3,3,3
148,149.0,Congo,0.57,64.57,11.73,6.52,2879.19,13.0,149.0,3.0,13.48,134.00,143.52,250.00,26.20,..,5.00,13.90,2.60,57.02,2.93,112.25,36.98,-0.77,12.86,1.65,..,44.44,COG,0.5,0.499,0.499,0.493,0.489,0.47100000000000003,0.47,0.474,0.48,0.467,0.461,0.46799999999999997,0.47100000000000003,0.47100000000000003,0.473,0.469,0.47,0.486,0.501,0.514,0.52,0.522,0.535,0.545,0.56,0.58,0.578,0.574,0.573,0.574,4,4,4,4,4,4,4,4,4,4,4,4,4,4,4,4,4,4,4,4,4,4,4,4,3,3,3,3,3,3
149,150.0,Zimbabwe,0.57,61.49,10.97,8.47,2665.61,14.0,150.0,3.0,10.62,..,89.53,810.00,137.10,..,11.10,29.10,12.70,53.56,6.64,50.01,3.06,-8.15,12.25,2.10,17.00,36.41,ZWE,0.478,0.48100000000000004,0.467,0.46299999999999997,0.46,0.45299999999999996,0.45299999999999996,0.447,0.442,0.43700000000000006,0.43,0.431,0.423,0.414,0.41100000000000003,0.41100000000000003,0.414,0.42100000000000004,0.42200000000000004,0.45799999999999996,0.48200000000000004,0.499,0.525,0.537,0.547,0.5529999999999999,0.5579999999999999,0.563,0.569,0.5710000000000001,4,4,4,4,4,4,4,4,4,4,4,4,4,4,4,4,4,4,4,4,4,4,4,4,4,3,3,3,3,3
150,151.0,Solomon Islands,0.57,73.0,10.22,5.71,2253.35,17.0,151.0,3.0,0.03,..,152.77,..,75.00,..,3.20,8.50,..,52.73,4.68,98.39,2.12,-2.48,10.93,1.94,14.00,25.41,SLB,,,,,,,,,,0.489,0.475,0.48,0.486,0.49200000000000005,0.5,0.509,0.519,0.526,0.524,0.517,0.537,0.541,0.5529999999999999,0.5579999999999999,0.5589999999999999,0.563,0.561,0.562,0.564,0.5670000000000001,4,4,4,4,4,4,4,4,4,4,4,4,4,4,4,4,4,4,4,4,4,4,3,3,3,3,3,3,3,3
151,151.0,Syrian Arab Republic,0.57,72.7,8.85,5.1,3613.05,2.0,152.0,3.0,6599.25,6495.00,0.00,450.00,..,0.88,1.10,3.80,0.10,63.89,..,..,..,-24.08,13.52,12.87,14.00,..,SYR,0.55,0.556,0.56,0.564,0.5720000000000001,0.575,0.5820000000000001,0.586,0.588,0.593,0.6,0.607,0.607,0.62,0.636,0.652,0.662,0.6729999999999999,0.6759999999999999,0.674,0.672,0.6779999999999999,0.664,0.596,0.556,0.537,0.528,0.564,0.563,0.5670000000000001,3,3,3,3,3,3,3,3,3,3,3,3,3,3,3,3,3,3,3,3,3,3,3,3,3,4,4,3,3,3
152,153.0,Cameroon,0.56,59.29,12.1,6.31,3580.9,1.0,153.0,3.0,66.30,969.00,139.83,1380.00,129.60,1.39,12.50,26.90,3.60,55.43,4.67,40.55,1.98,-0.19,12.50,0.88,13.00,44.83,CMR,0.44799999999999995,0.445,0.441,0.435,0.433,0.43200000000000005,0.431,0.43200000000000005,0.434,0.436,0.44,0.456,0.45799999999999996,0.46399999999999997,0.469,0.47,0.47100000000000003,0.48200000000000004,0.49,0.498,0.505,0.514,0.525,0.534,0.54,0.5489999999999999,0.5529999999999999,0.557,0.56,0.563,4,4,4,4,4,4,4,4,4,4,4,4,4,4,4,4,4,4,4,4,4,4,4,4,4,4,3,3,3,3
153,154.0,Pakistan,0.56,67.27,8.28,5.16,5005.03,-15.0,154.0,3.0,137.18,106.00,65.64,4480.00,39.40,3.88,3.10,3.00,0.10,57.20,2.90,30.44,0.80,-1.11,13.15,9.80,6.30,44.08,PAK,0.402,0.40700000000000003,0.413,0.41700000000000004,0.42100000000000004,0.426,0.431,0.434,0.43799999999999994,0.44299999999999995,0.447,0.45399999999999996,0.462,0.47100000000000003,0.473,0.486,0.49200000000000005,0.496,0.503,0.508,0.512,0.516,0.519,0.523,0.53,0.536,0.542,0.55,0.552,0.557,4,4,4,4,4,4,4,4,4,4,4,4,4,4,4,4,4,4,4,4,4,4,4,4,4,4,4,3,3,3
154,155.0,Papua New Guinea,0.56,64.5,10.2,4.66,4301.1,-10.0,156.0,3.0,0.48,14.00,4.00,280.00,59.10,..,3.80,10.20,0.80,56.36,2.47,..,4.85,-0.09,12.85,0.70,..,35.52,PNG,0.38,0.389,0.39799999999999996,0.41100000000000003,0.41700000000000004,0.425,0.433,0.435,0.442,0.445,0.45,0.456,0.462,0.47,0.473,0.48,0.485,0.498,0.503,0.512,0.522,0.53,0.52,0.537,0.542,0.5479999999999999,0.5489999999999999,0.5489999999999999,0.5489999999999999,0.555,4,4,4,4,4,4,4,4,4,4,4,4,4,4,4,4,4,4,4,4,4,4,4,4,4,4,4,4,4,3
155,156.0,Comoros,0.55,64.32,11.24,5.08,3099.45,5.0,154.0,3.0,0.66,..,0.00,28.00,27.00,..,5.40,17.60,0.10,60.34,7.38,43.09,0.58,-2.43,12.20,2.72,21.60,28.06,COM,,,,,,,,,,,0.465,0.47,0.475,0.48100000000000004,0.483,0.489,0.495,0.501,0.508,0.514,0.521,0.5329999999999999,0.5379999999999999,0.542,0.5429999999999999,0.545,0.547,0.55,0.552,0.5539999999999999,4,4,4,4,4,4,4,4,4,4,4,4,4,4,4,4,4,4,4,4,4,4,4,4,4,4,4,3,3,3
156,157.0,Mauritania,0.55,64.93,8.59,4.73,5134.57,-21.0,157.0,4.0,37.43,..,53.16,110.00,46.10,..,3.60,12.10,0.20,62.17,4.40,94.22,1.00,1.15,12.17,1.87,..,34.28,MRT,0.397,0.402,0.41,0.423,0.435,0.442,0.451,0.45,0.45899999999999996,0.46399999999999997,0.46399999999999997,0.46299999999999997,0.467,0.47200000000000003,0.48200000000000004,0.486,0.496,0.495,0.494,0.502,0.505,0.509,0.517,0.525,0.531,0.536,0.542,0.54,0.542,0.546,4,4,4,4,4,4,4,4,4,4,4,4,4,4,4,4,4,4,4,4,4,4,4,4,4,4,4,4,4,4
157,158.0,Benin,0.55,61.77,12.61,3.83,3254.25,0.0,158.0,4.0,0.72,3.70,1345.48,490.00,69.80,1.13,9.60,22.60,1.00,56.64,3.72,63.68,0.99,-0.18,12.17,0.79,5.00,39.20,BEN,0.364,0.371,0.375,0.382,0.386,0.391,0.39399999999999996,0.39899999999999997,0.40299999999999997,0.409,0.41600000000000004,0.428,0.43799999999999994,0.445,0.45299999999999996,0.45899999999999996,0.467,0.475,0.48200000000000004,0.488,0.494,0.5,0.51,0.522,0.527,0.532,0.5329999999999999,0.536,0.541,0.545,4,4,4,4,4,4,4,4,4,4,4,4,4,4,4,4,4,4,4,4,4,4,4,4,4,4,4,4,4,4
158,159.0,Uganda,0.54,63.37,11.41,6.17,2123.27,15.0,160.0,4.0,7.49,32.00,12.08,2360.00,118.80,10.52,18.70,21.20,5.70,57.75,6.19,46.02,3.68,4.02,12.79,1.68,5.00,42.66,UGA,0.32,0.32,0.313,0.32,0.322,0.32799999999999996,0.344,0.358,0.373,0.39,0.40399999999999997,0.41200000000000003,0.42700000000000005,0.436,0.436,0.444,0.456,0.466,0.479,0.48700000000000004,0.498,0.504,0.507,0.513,0.519,0.525,0.529,0.532,0.5379999999999999,0.544,4,4,4,4,4,4,4,4,4,4,4,4,4,4,4,4,4,4,4,4,4,4,4,4,4,4,4,4,4,4
159,160.0,Rwanda,0.54,69.02,11.19,4.42,2155.33,12.0,159.0,4.0,246.71,..,85.59,400.00,509.10,2.58,6.00,16.90,2.50,59.83,6.57,53.66,3.13,-0.74,12.84,1.34,..,59.51,RWA,0.248,0.22,0.20199999999999999,0.19699999999999998,0.192,0.231,0.263,0.29100000000000004,0.307,0.326,0.341,0.35,0.366,0.379,0.396,0.413,0.434,0.45,0.461,0.47700000000000004,0.49200000000000005,0.5,0.508,0.515,0.521,0.526,0.527,0.535,0.54,0.5429999999999999,4,4,4,4,4,4,4,4,4,4,4,4,4,4,4,4,4,4,4,4,4,4,4,4,4,4,4,4,4,4
160,161.0,Nigeria,0.54,54.69,9.98,6.66,4910.21,-19.0,161.0,4.0,295.59,2583.00,6.68,10900.00,36.50,34.52,17.10,17.50,1.50,56.04,3.76,33.01,0.50,-0.31,12.90,3.81,..,37.55,NGA,,,,,,,,,,,,,,0.45,0.46,0.465,0.473,0.478,0.484,0.49,0.48200000000000004,0.49200000000000005,0.5,0.519,0.523,0.526,0.526,0.531,0.534,0.539,4,4,4,4,4,4,4,4,4,4,4,4,4,4,4,4,4,4,4,4,4,4,4,4,4,4,4,4,4,4
161,163.0,Tanzania (United Republic of),0.53,65.46,8.1,6.12,2599.85,2.0,164.0,4.0,0.87,..,46.57,2790.00,66.80,6.48,5.40,14.30,4.60,58.73,3.65,32.24,1.82,-0.72,12.59,0.14,7.00,50.63,TZA,0.368,0.369,0.36700000000000005,0.36700000000000005,0.366,0.36700000000000005,0.369,0.37,0.377,0.38299999999999995,0.39,0.397,0.40700000000000003,0.41600000000000004,0.426,0.43700000000000006,0.447,0.456,0.465,0.474,0.48100000000000004,0.48700000000000004,0.496,0.49700000000000005,0.504,0.514,0.52,0.523,0.524,0.529,4,4,4,4,4,4,4,4,4,4,4,4,4,4,4,4,4,4,4,4,4,4,4,4,4,4,4,4,4,4
162,164.0,Madagascar,0.53,67.04,10.17,6.1,1596.28,16.0,163.0,4.0,0.30,3.00,930.04,900.00,94.90,..,3.60,10.50,0.30,57.60,5.50,59.82,4.42,-0.06,12.04,1.81,2.00,39.81,MDG,,,,,,,,,,,0.462,0.46799999999999997,0.46399999999999997,0.473,0.48,0.486,0.49,0.498,0.506,0.51,0.511,0.512,0.514,0.517,0.52,0.522,0.523,0.526,0.527,0.528,4,4,4,4,4,4,4,4,4,4,4,4,4,4,4,4,4,4,4,4,4,4,4,4,4,4,4,4,4,4
163,165.0,Lesotho,0.53,54.33,11.32,6.54,3150.62,-6.0,165.0,4.0,0.01,..,115.37,160.00,101.50,43.56,32.60,22.70,23.60,45.24,8.76,134.62,4.78,-4.78,12.62,0.69,..,32.95,LSO,0.498,0.495,0.493,0.48700000000000004,0.486,0.483,0.47700000000000004,0.47200000000000003,0.47,0.461,0.45899999999999996,0.451,0.446,0.444,0.44,0.436,0.436,0.441,0.446,0.455,0.46,0.469,0.48,0.489,0.498,0.503,0.512,0.517,0.522,0.527,4,4,4,4,4,4,4,4,4,4,4,4,4,4,4,4,4,4,4,4,4,4,4,4,4,4,4,4,4,4
164,166.0,Djibouti,0.52,67.11,6.79,4.1,5689.35,-34.0,166.0,4.0,2.35,..,0.00,33.00,69.00,..,5.30,11.90,1.20,58.94,3.32,298.27,5.64,0.95,11.80,2.24,14.00,29.37,DJI,,,,,,0.35100000000000003,0.349,0.354,0.355,0.359,0.36,0.369,0.375,0.385,0.39299999999999996,0.402,0.413,0.423,0.43200000000000005,0.442,0.45399999999999996,0.46299999999999997,0.474,0.484,0.49200000000000005,0.499,0.505,0.51,0.518,0.524,4,4,4,4,4,4,4,4,4,4,4,4,4,4,4,4,4,4,4,4,4,4,4,4,4,4,4,4,4,4
165,167.0,Togo,0.52,61.04,12.66,4.95,1602.35,12.0,168.0,4.0,8.03,2.00,0.00,360.00,64.80,..,10.90,22.70,2.30,57.01,6.20,71.24,-3.38,-0.26,12.34,0.77,7.00,40.15,TGO,0.406,0.409,0.4,0.391,0.397,0.41,0.418,0.426,0.425,0.426,0.42700000000000005,0.43,0.433,0.43799999999999994,0.439,0.43799999999999994,0.444,0.439,0.447,0.456,0.466,0.479,0.48200000000000004,0.488,0.493,0.499,0.502,0.506,0.51,0.515,4,4,4,4,4,4,4,4,4,4,4,4,4,4,4,4,4,4,4,4,4,4,4,4,4,4,4,4,4,4
166,168.0,Senegal,0.51,67.94,8.58,3.18,3309.39,-11.0,167.0,4.0,17.22,8.40,0.00,500.00,78.80,0.27,5.20,20.30,0.40,59.86,4.13,60.51,3.65,-1.28,12.57,0.69,3.00,36.32,SEN,0.376,0.377,0.377,0.377,0.376,0.37799999999999995,0.379,0.38,0.382,0.385,0.39,0.405,0.41,0.418,0.426,0.434,0.43799999999999994,0.447,0.457,0.461,0.46799999999999997,0.47100000000000003,0.48700000000000004,0.494,0.499,0.506,0.509,0.512,0.516,0.512,4,4,4,4,4,4,4,4,4,4,4,4,4,4,4,4,4,4,4,4,4,4,4,4,4,4,4,4,4,4
167,169.0,Afghanistan,0.51,64.83,10.18,3.93,2229.36,0.0,169.0,4.0,2721.48,2993.00,221.85,1340.00,82.70,6.66,2.10,10.60,0.10,54.11,11.78,45.62,0.12,-1.72,14.55,2.78,3.90,48.79,AFG,0.302,0.307,0.316,0.312,0.307,0.331,0.335,0.33899999999999997,0.344,0.348,0.35,0.353,0.384,0.39299999999999996,0.409,0.418,0.429,0.447,0.447,0.46,0.47200000000000003,0.47700000000000004,0.489,0.496,0.5,0.5,0.502,0.506,0.509,0.511,4,4,4,4,4,4,4,4,4,4,4,4,4,4,4,4,4,4,4,4,4,4,4,4,4,4,4,4,4,4
168,170.0,Haiti,0.51,64.0,9.7,5.59,1708.81,7.0,170.0,4.0,26.75,2.10,709.63,400.00,79.90,6.68,6.40,18.30,2.00,55.43,8.04,74.31,1.09,-3.17,13.11,2.34,7.10,..,HTI,0.414,0.418,0.418,0.418,0.415,0.423,0.428,0.43200000000000005,0.435,0.439,0.442,0.444,0.446,0.449,0.45,0.45299999999999996,0.45799999999999996,0.46299999999999997,0.466,0.47,0.47100000000000003,0.478,0.48200000000000004,0.48700000000000004,0.49200000000000005,0.496,0.5,0.505,0.508,0.51,4,4,4,4,4,4,4,4,4,4,4,4,4,4,4,4,4,4,4,4,4,4,4,4,4,4,4,4,4,4
169,170.0,Sudan,0.51,65.31,7.88,3.77,3828.66,-18.0,171.0,4.0,732.84,2134.00,374.37,1520.00,51.50,..,4.60,14.50,0.20,61.42,6.34,26.72,4.36,-1.21,12.86,2.62,7.40,38.38,SDN,0.331,0.336,0.344,0.35200000000000004,0.358,0.366,0.374,0.384,0.39,0.396,0.40299999999999997,0.409,0.415,0.42200000000000004,0.43,0.43700000000000006,0.44299999999999995,0.45,0.461,0.46799999999999997,0.469,0.474,0.486,0.494,0.499,0.504,0.507,0.509,0.506,0.51,4,4,4,4,4,4,4,4,4,4,4,4,4,4,4,4,4,4,4,4,4,4,4,4,4,4,4,4,4,4
170,172.0,Gambia,0.5,62.05,9.91,3.92,2167.88,-1.0,172.0,4.0,17.83,..,0.00,100.00,55.40,..,7.30,12.80,1.90,58.32,3.28,65.48,2.03,-1.37,12.62,1.02,11.00,36.14,GMB,0.349,0.354,0.358,0.36200000000000004,0.366,0.37,0.377,0.382,0.38799999999999996,0.396,0.40299999999999997,0.41100000000000003,0.415,0.42200000000000004,0.431,0.435,0.44,0.446,0.45299999999999996,0.456,0.45899999999999996,0.455,0.461,0.467,0.46799999999999997,0.47100000000000003,0.475,0.48,0.48700000000000004,0.496,4,4,4,4,4,4,4,4,4,4,4,4,4,4,4,4,4,4,4,4,4,4,4,4,4,4,4,4,4,4
171,173.0,Ethiopia,0.49,66.6,8.81,2.88,2206.53,-3.0,174.0,4.0,95.69,1414.00,0.92,3090.00,115.90,..,4.70,18.70,1.00,60.22,3.50,28.74,3.99,0.28,12.53,0.77,3.30,55.07,ETH,,,,,,,,,,,0.292,0.306,0.315,0.319,0.33399999999999996,0.355,0.371,0.386,0.40299999999999997,0.41100000000000003,0.42100000000000004,0.43200000000000005,0.43799999999999994,0.447,0.455,0.462,0.467,0.474,0.478,0.485,4,4,4,4,4,4,4,4,4,4,4,4,4,4,4,4,4,4,4,4,4,4,4,4,4,4,4,4,4,4
172,174.0,Malawi,0.48,64.26,11.24,4.73,1034.68,13.0,174.0,4.0,0.61,0.20,132.00,1170.00,76.80,..,3.20,13.70,9.20,56.58,9.65,66.60,1.48,-0.90,12.56,0.36,13.00,58.68,MWI,0.33299999999999996,0.34,0.348,0.35600000000000004,0.35600000000000004,0.389,0.376,0.395,0.395,0.395,0.38799999999999996,0.38799999999999996,0.35700000000000004,0.361,0.363,0.36700000000000005,0.377,0.38799999999999996,0.405,0.42,0.431,0.44,0.446,0.456,0.465,0.46799999999999997,0.47200000000000003,0.473,0.478,0.483,4,4,4,4,4,4,4,4,4,4,4,4,4,4,4,4,4,4,4,4,4,4,4,4,4,4,4,4,4,4
173,175.0,Congo (Democratic Republic of the),0.48,60.68,9.73,6.76,1062.54,11.0,174.0,4.0,807.17,5512.00,48.34,4460.00,27.00,..,4.90,15.00,0.80,56.34,3.98,67.29,2.74,0.29,13.39,0.74,..,33.20,COD,0.369,0.366,0.361,0.355,0.349,0.34700000000000003,0.35100000000000003,0.349,0.349,0.34700000000000003,0.349,0.35,0.358,0.366,0.374,0.381,0.389,0.4,0.41200000000000003,0.419,0.435,0.43799999999999994,0.442,0.44799999999999995,0.46,0.46399999999999997,0.47100000000000003,0.475,0.478,0.48,4,4,4,4,4,4,4,4,4,4,4,4,4,4,4,4,4,4,4,4,4,4,4,4,4,4,4,4,4,4
174,175.0,Guinea-Bissau,0.48,58.32,10.62,3.56,1996.04,1.0,178.0,4.0,2.09,..,0.00,110.00,32.60,1.15,6.10,8.90,3.50,53.61,7.24,57.01,1.41,-0.76,12.04,1.27,10.00,51.93,GNB,,,,,,,,,,,,,,,,0.40299999999999997,0.41100000000000003,0.41700000000000004,0.424,0.43,0.436,0.445,0.44799999999999995,0.452,0.45899999999999996,0.46399999999999997,0.46799999999999997,0.47,0.47200000000000003,0.48,4,4,4,4,4,4,4,4,4,4,4,4,4,4,4,4,4,4,4,4,4,4,4,4,4,4,4,4,4,4
175,175.0,Liberia,0.48,64.1,9.58,4.81,1258.41,8.0,173.0,4.0,5.40,..,0.00,200.00,50.30,..,13.00,13.80,1.30,56.89,8.16,127.45,3.96,-1.05,13.95,0.38,8.00,22.32,LBR,,,,,,,,,,0.39899999999999997,0.435,0.435,0.43700000000000006,0.41700000000000004,0.42700000000000005,0.43200000000000005,0.43799999999999994,0.445,0.45,0.452,0.455,0.47200000000000003,0.469,0.47700000000000004,0.478,0.47700000000000004,0.478,0.48100000000000004,0.48,0.48,4,4,4,4,4,4,4,4,4,4,4,4,4,4,4,4,4,4,4,4,4,4,4,4,4,4,4,4,4,4
176,178.0,Guinea,0.48,61.6,9.41,2.77,2405.18,-12.0,177.0,4.0,26.86,..,32.34,530.00,26.50,..,8.40,12.70,1.40,53.87,4.12,108.72,2.89,-0.33,12.04,0.83,3.00,47.15,GIN,0.282,0.287,0.29100000000000004,0.29600000000000004,0.301,0.306,0.31,0.318,0.326,0.33299999999999996,0.34,0.34700000000000003,0.35600000000000004,0.34700000000000003,0.37200000000000005,0.38299999999999995,0.392,0.4,0.408,0.408,0.41600000000000004,0.429,0.439,0.445,0.452,0.457,0.465,0.47100000000000003,0.473,0.47700000000000004,4,4,4,4,4,4,4,4,4,4,4,4,4,4,4,4,4,4,4,4,4,4,4,4,4,4,4,4,4,4
177,179.0,Yemen,0.47,66.13,8.77,3.2,1593.7,2.0,179.0,4.0,36.53,3635.00,3.52,930.00,54.20,6.77,6.20,13.40,0.10,58.59,4.23,..,-1.02,-1.07,13.52,5.25,7.10,26.93,YEM,0.401,0.401,0.40399999999999997,0.406,0.408,0.414,0.42100000000000004,0.426,0.431,0.435,0.444,0.45299999999999996,0.461,0.47,0.47700000000000004,0.483,0.488,0.49200000000000005,0.495,0.502,0.506,0.506,0.504,0.509,0.502,0.483,0.474,0.467,0.46799999999999997,0.47,4,4,4,4,4,4,4,4,4,4,4,4,4,4,4,4,4,4,4,4,4,4,4,4,4,4,4,4,4,4
178,180.0,Eritrea,0.46,66.32,5.01,3.9,2793.48,-17.0,180.0,4.0,493.12,..,0.00,140.00,..,..,6.10,22.40,0.70,55.86,2.87,47.39,1.89,-11.57,12.44,0.63,7.00,38.74,ERI,,,,,,,,,,,,,,,,0.42700000000000005,0.428,0.43,0.426,0.436,0.436,0.436,0.441,0.446,0.457,0.45399999999999996,0.456,0.45399999999999996,0.456,0.45899999999999996,4,4,4,4,4,4,4,4,4,4,4,4,4,4,4,4,4,4,4,4,4,4,4,4,4,4,4,4,4,4
179,181.0,Mozambique,0.46,60.85,9.97,3.54,1250.41,3.0,181.0,4.0,0.08,110.00,292.91,2510.00,63.50,..,4.10,14.00,12.60,50.80,4.94,112.15,18.20,-0.17,12.99,0.84,7.00,55.27,MOZ,0.22699999999999998,0.231,0.22699999999999998,0.23399999999999999,0.24100000000000002,0.248,0.263,0.275,0.287,0.301,0.307,0.32,0.327,0.34,0.349,0.36,0.366,0.37799999999999995,0.387,0.39399999999999996,0.401,0.397,0.40299999999999997,0.41700000000000004,0.425,0.433,0.441,0.446,0.452,0.456,4,4,4,4,4,4,4,4,4,4,4,4,4,4,4,4,4,4,4,4,4,4,4,4,4,4,4,4,4,4
180,182.0,Burkina Faso,0.45,61.58,9.27,1.64,2132.96,-9.0,183.0,4.0,11.74,560.00,144.43,840.00,41.10,1.25,9.10,22.40,0.70,54.16,6.92,60.18,1.66,-1.28,12.18,0.85,4.00,39.72,BFA,,,,,,,,,,,0.293,0.298,0.303,0.31,0.32,0.332,0.341,0.35200000000000004,0.364,0.373,0.384,0.39399999999999996,0.40299999999999997,0.41,0.413,0.42200000000000004,0.428,0.439,0.44299999999999995,0.452,4,4,4,4,4,4,4,4,4,4,4,4,4,4,4,4,4,4,4,4,4,4,4,4,4,4,4,4,4,4
181,182.0,Sierra Leone,0.45,54.7,10.18,3.7,1667.84,-4.0,182.0,4.0,5.27,5.50,29.20,480.00,59.10,1.73,14.20,18.20,1.50,54.06,13.42,56.70,5.33,-0.55,12.49,0.25,..,27.52,SLE,0.287,0.28,0.278,0.282,0.284,0.287,0.282,0.28,0.284,0.287,0.295,0.309,0.326,0.336,0.345,0.354,0.36200000000000004,0.375,0.386,0.39399999999999996,0.39899999999999997,0.406,0.42100000000000004,0.433,0.43799999999999994,0.431,0.431,0.44299999999999995,0.447,0.452,4,4,4,4,4,4,4,4,4,4,4,4,4,4,4,4,4,4,4,4,4,4,4,4,4,4,4,4,4,4
182,184.0,Mali,0.43,59.31,7.46,2.35,2268.77,-17.0,184.0,4.0,164.48,208.00,0.00,860.00,30.80,..,4.70,13.50,1.40,54.26,3.79,57.19,2.72,-2.12,12.24,1.29,1.00,37.83,MLI,0.23399999999999999,0.24100000000000002,0.24600000000000002,0.253,0.26,0.265,0.27399999999999997,0.285,0.294,0.306,0.312,0.325,0.33399999999999996,0.34700000000000003,0.35600000000000004,0.36700000000000005,0.376,0.371,0.39399999999999996,0.401,0.408,0.413,0.413,0.413,0.419,0.41700000000000004,0.42200000000000004,0.42700000000000005,0.431,0.434,4,4,4,4,4,4,4,4,4,4,4,4,4,4,4,4,4,4,4,4,4,4,4,4,4,4,4,4,4,4
183,185.0,Burundi,0.43,61.58,11.07,3.29,753.91,4.0,184.0,4.0,381.52,23.00,162.44,640.00,98.30,6.05,7.70,23.10,1.00,55.50,7.52,41.86,0.03,0.18,13.05,1.00,7.90,42.52,BDI,0.299,0.302,0.299,0.299,0.29600000000000004,0.292,0.289,0.29,0.294,0.295,0.3,0.301,0.311,0.319,0.33,0.337,0.359,0.371,0.384,0.401,0.41100000000000003,0.419,0.426,0.43200000000000005,0.43799999999999994,0.43700000000000006,0.43799999999999994,0.434,0.431,0.433,4,4,4,4,4,4,4,4,4,4,4,4,4,4,4,4,4,4,4,4,4,4,4,4,4,4,4,4,4,4
184,185.0,South Sudan,0.43,57.85,5.3,4.8,2003.32,-10.0,186.0,4.0,2234.79,1352.00,..,750.00,60.70,..,4.10,8.30,2.50,54.60,9.76,65.55,0.00,-15.90,14.34,..,..,46.75,SSD,,,,,,,,,,,,,,,,,,,,,0.41,0.43,0.397,0.428,0.428,0.425,0.42100000000000004,0.426,0.429,0.433,4,4,4,4,4,4,4,4,4,4,4,4,4,4,4,4,4,4,4,4,4,4,4,4,4,4,4,4,4,4
185,187.0,Chad,0.4,54.24,7.35,2.52,1555.37,-5.0,187.0,4.0,11.20,176.00,38.47,1030.00,56.20,..,13.80,17.10,1.30,52.85,4.49,74.57,5.89,0.13,12.47,0.43,..,56.89,TCD,,,,,,,,,,,0.293,0.301,0.307,0.305,0.324,0.327,0.33,0.34,0.34600000000000003,0.361,0.369,0.38,0.38799999999999996,0.39399999999999996,0.401,0.39799999999999996,0.39299999999999996,0.396,0.397,0.39799999999999996,4,4,4,4,4,4,4,4,4,4,4,4,4,4,4,4,4,4,4,4,4,4,4,4,4,4,4,4,4,4
186,188.0,Central African Republic,0.4,53.28,7.57,4.28,993.01,0.0,188.0,4.0,610.22,592.00,377.65,370.00,17.00,20.12,6.00,18.00,3.60,45.71,5.82,66.14,0.81,-8.58,12.68,0.72,10.00,83.41,CAF,0.33399999999999996,0.32799999999999996,0.315,0.315,0.317,0.319,0.315,0.318,0.32,0.32299999999999995,0.325,0.327,0.32799999999999996,0.32799999999999996,0.331,0.336,0.342,0.34700000000000003,0.35200000000000004,0.35600000000000004,0.365,0.374,0.381,0.363,0.368,0.375,0.382,0.391,0.395,0.397,4,4,4,4,4,4,4,4,4,4,4,4,4,4,4,4,4,4,4,4,4,4,4,4,4,4,4,4,4,4
187,189.0,Niger,0.39,62.42,6.47,2.08,1200.9,-4.0,189.0,4.0,3.08,195.00,177.33,1030.00,42.60,..,6.70,11.50,0.30,55.06,7.74,39.71,3.63,0.18,11.92,0.43,3.90,36.34,NER,0.22,0.223,0.226,0.231,0.235,0.24,0.244,0.248,0.255,0.259,0.262,0.268,0.273,0.276,0.285,0.294,0.3,0.306,0.314,0.321,0.331,0.33799999999999997,0.35,0.35700000000000004,0.365,0.37200000000000005,0.37799999999999995,0.386,0.391,0.39399999999999996,4,4,4,4,4,4,4,4,4,4,4,4,4,4,4,4,4,4,4,4,4,4,4,4,4,4,4,4,4,4
